"PROLIFIC_PID","Condition","Time","Well"
"P00302","Other",2025-03-30 22:32:00,70
"P00041","Other",2025-03-30 23:34:00,77
"P00120","Other",2025-03-30 23:29:00,68
"P00037","Other",2025-03-30 23:28:00,70
"P00149","Other",2025-03-30 23:15:00,100
"P00213","Other",2025-03-30 19:40:00,74
"P00441","Other",2025-03-30 22:28:00,100
"P00364","Other",2025-03-30 19:27:00,100
"P00016","Other",2025-03-30 21:26:00,53
"P00171","Other",2025-03-30 21:25:00,43
"P00072","Other",2025-03-30 21:18:00,24
"P00325","Other",2025-03-30 22:16:00,90
"P00302","Other",2025-03-30 20:13:00,79
"P00392","Other",2025-03-30 19:12:00,52
"P00017","Other",2025-03-30 22:11:00,90
"P00225","Other",2025-03-30 20:47:00,1
"P00341","Other",2025-03-30 21:39:00,100
"P00219","Other",2025-03-30 20:18:00,80
"P00019","Other",2025-03-30 20:16:00,77
"P00287","Other",2025-03-30 21:09:00,100
"P00083","Other",2025-03-30 20:54:00,1
"P00429","Other",2025-03-30 17:52:00,75
"P00455","Other",2025-03-30 20:52:00,59
"P00468","Other",2025-03-30 20:51:00,57
"P00436","Other",2025-03-30 20:45:00,69
"P00222","Other",2025-03-30 20:41:00,93
"P00479","Other",2025-03-30 16:23:00,56
"P00244","Other",2025-03-30 17:17:00,100
"P00428","Other",2025-03-30 20:15:00,60
"P00532","Other",2025-03-30 20:05:00,100
"P00213","Other",2025-03-30 16:56:00,74
"P00108","Other",2025-03-30 17:43:00,80
"P00326","Other",2025-03-30 19:36:00,100
"P00364","Other",2025-03-30 16:25:00,100
"P00335","Other",2025-03-30 19:23:00,100
"P00280","Other",2025-03-30 19:13:00,47
"P00499","Other",2025-03-30 19:10:00,62
"P00037","Other",2025-03-30 19:10:00,49
"P00525","Other",2025-03-30 19:03:00,100
"P00303","Other",2025-03-30 18:42:00,98
"P00076","Other",2025-03-30 17:41:00,24
"P00308","Other",2025-03-30 18:37:00,54
"P00280","Other",2025-03-30 17:58:00,49
"P00357","Other",2025-03-30 14:56:00,91
"P00024","Other",2025-03-30 16:50:00,99
"P00157","Other",2025-03-30 17:43:00,37
"P00244","Other",2025-03-30 14:40:00,100
"P00364","Other",2025-03-30 14:34:00,100
"P00314","Other",2025-03-30 14:21:00,100
"P00225","Other",2025-03-30 16:18:00,1
"P00280","Other",2025-03-30 17:18:00,51
"P00019","Other",2025-03-30 16:05:00,78
"P00392","Other",2025-03-30 13:48:00,66
"P00213","Other",2025-03-30 13:07:00,69
"P00335","Other",2025-03-30 16:03:00,100
"P00024","Other",2025-03-30 15:01:00,100
"P00225","Other",2025-03-30 14:45:00,1
"P00403","Other",2025-03-30 14:40:00,79
"P00149","Other",2025-03-30 15:38:00,100
"P00072","Other",2025-03-30 14:29:00,44
"P00016","Other",2025-03-30 14:10:00,53
"P00017","Other",2025-03-30 15:05:00,100
"P00433","Other",2025-03-30 14:03:00,82
"P00326","Other",2025-03-30 14:46:00,100
"P00468","Other",2025-03-30 14:42:00,60
"P00108","Other",2025-03-30 12:37:00,88
"P00303","Other",2025-03-30 14:35:00,97
"P00479","Other",2025-03-30 10:32:00,60
"P00157","Other",2025-03-30 14:30:00,35
"P00149","Other",2025-03-30 14:25:00,100
"P00357","Other",2025-03-30 11:21:00,100
"P00429","Other",2025-03-30 11:09:00,77
"P00455","Other",2025-03-30 14:07:00,79
"P00037","Other",2025-03-30 14:05:00,33
"P00325","Other",2025-03-30 14:03:00,89
"P00301","Other",2025-03-30 14:01:00,82
"P00341","Other",2025-03-30 13:58:00,100
"P00532","Other",2025-03-30 13:53:00,100
"P00432","Other",2025-03-30 13:48:00,87
"P00120","Other",2025-03-30 13:41:00,64
"P00249","Other",2025-03-30 12:28:00,92
"P00222","Other",2025-03-30 13:05:00,71
"P00434","Other",2025-03-30 11:49:00,80
"P00308","Other",2025-03-30 11:51:00,35
"P00244","Other",2025-03-30 08:44:00,100
"P00244","Other",2025-03-30 08:03:00,100
"P00051","Other",2025-03-30 10:09:00,89
"P00436","Other",2025-03-30 09:47:00,50
"P00149","Other",2025-03-30 09:31:00,100
"P00435","Other",2025-03-29 23:26:00,100
"P00435","Other",2025-03-29 22:03:00,52
"P00302","Other",2025-03-29 23:03:00,67
"P00213","Other",2025-03-29 21:17:00,100
"P00525","Other",2025-03-29 23:22:00,100
"P00302","Other",2025-03-29 21:05:00,74
"P00436","Other",2025-03-29 22:45:00,81
"P00441","Other",2025-03-29 22:38:00,100
"P00303","Other",2025-03-29 22:32:00,100
"P00260","Other",2025-03-29 19:29:00,100
"P00076","Other",2025-03-29 21:18:00,16
"P00364","Other",2025-03-29 19:12:00,100
"P00019","Other",2025-03-29 21:02:00,80
"P00072","Other",2025-03-29 20:40:00,48
"P00341","Other",2025-03-29 21:37:00,99
"P00479","Other",2025-03-29 17:33:00,56
"P00250","Other",2025-03-29 21:26:00,31
"P00041","Other",2025-03-29 21:23:00,85
"P00250","Other",2025-03-29 21:22:00,35
"P00429","Other",2025-03-29 18:18:00,67
"P00090","Other",2025-03-29 20:13:00,100
"P00108","Other",2025-03-29 19:11:00,86
"P00222","Other",2025-03-29 21:05:00,100
"P00120","Other",2025-03-29 21:02:00,45
"P00149","Other",2025-03-29 21:02:00,100
"P00244","Other",2025-03-29 18:01:00,100
"P00308","Other",2025-03-29 20:56:00,72
"P00434","Other",2025-03-29 19:47:00,83
"P00326","Other",2025-03-29 20:35:00,100
"P00499","Other",2025-03-29 20:30:00,86
"P00225","Other",2025-03-29 19:21:00,1
"P00083","Other",2025-03-29 20:20:00,1
"P00325","Other",2025-03-29 20:06:00,90
"P00171","Other",2025-03-29 19:05:00,76
"P00051","Other",2025-03-29 20:03:00,87
"P00335","Other",2025-03-29 20:02:00,100
"P00041","Other",2025-03-29 19:54:00,100
"P00532","Other",2025-03-29 19:52:00,100
"P00120","Other",2025-03-29 19:12:00,63
"P00157","Other",2025-03-29 19:07:00,67
"P00051","Other",2025-03-29 18:32:00,85
"P00516","Other",2025-03-29 16:18:00,65
"P00392","Other",2025-03-29 14:12:00,66
"P00213","Other",2025-03-29 14:03:00,74
"P00357","Other",2025-03-29 13:54:00,100
"P00364","Other",2025-03-29 13:22:00,96
"P00249","Other",2025-03-29 15:13:00,95
"P00325","Other",2025-03-29 16:05:00,94
"P00072","Other",2025-03-29 14:56:00,18
"P00303","Other",2025-03-29 15:47:00,100
"P00019","Other",2025-03-29 14:45:00,79
"P00434","Other",2025-03-29 14:42:00,78
"P00468","Other",2025-03-29 15:35:00,67
"P00017","Other",2025-03-29 15:32:00,100
"P00225","Other",2025-03-29 14:25:00,1
"P00024","Other",2025-03-29 14:22:00,93
"P00076","Other",2025-03-29 14:18:00,11
"P00308","Other",2025-03-29 15:03:00,100
"P00308","Other",2025-03-29 14:57:00,58
"P00016","Other",2025-03-29 13:51:00,55
"P00222","Other",2025-03-29 14:48:00,58
"P00525","Other",2025-03-29 14:46:00,100
"P00280","Other",2025-03-29 14:32:00,29
"P00280","Other",2025-03-29 14:30:00,1
"P00341","Other",2025-03-29 14:24:00,100
"P00108","Other",2025-03-29 12:06:00,80
"P00244","Other",2025-03-29 10:59:00,100
"P00532","Other",2025-03-29 13:58:00,100
"P00021","Other",2025-03-29 13:43:00,100
"P00149","Other",2025-03-29 13:38:00,100
"P00120","Other",2025-03-29 13:33:00,69
"P00429","Other",2025-03-29 10:29:00,71
"P00479","Other",2025-03-29 08:19:00,53
"P00434","Other",2025-03-29 10:43:00,83
"P00357","Other",2025-03-29 08:29:00,88
"P00499","Other",2025-03-29 10:44:00,83
"P00428","Other",2025-03-29 08:36:00,61
"P00436","Other",2025-03-29 08:19:00,80
"P00357","Other",2025-03-28 23:56:00,97
"P00302","Other",2025-03-28 23:45:00,61
"P00360","Other",2025-03-28 22:01:00,53
"P00213","Other",2025-03-28 20:56:00,76
"P00525","Other",2025-03-28 23:50:00,71
"P00076","Other",2025-03-28 22:41:00,18
"P00250","Other",2025-03-28 23:40:00,14
"P00250","Other",2025-03-28 23:36:00,32
"P00433","Other",2025-03-28 22:19:00,82
"P00024","Other",2025-03-28 22:11:00,100
"P00364","Other",2025-03-28 19:50:00,100
"P00392","Other",2025-03-28 19:49:00,53
"P00225","Other",2025-03-28 21:45:00,58
"P00072","Other",2025-03-28 21:22:00,66
"P00434","Other",2025-03-28 21:14:00,81
"P00326","Other",2025-03-28 22:08:00,100
"P00428","Other",2025-03-28 21:46:00,42
"P00455","Other",2025-03-28 21:32:00,72
"P00479","Other",2025-03-28 17:30:00,60
"P00244","Other",2025-03-28 18:19:00,100
"P00436","Other",2025-03-28 21:10:00,89
"P00325","Other",2025-03-28 20:58:00,91
"P00363","Other",2025-03-28 20:55:00,100
"P00303","Other",2025-03-28 20:49:00,100
"P00037","Other",2025-03-28 20:43:00,33
"P00019","Other",2025-03-28 19:27:00,73
"P00051","Other",2025-03-28 20:19:00,92
"P00157","Other",2025-03-28 20:19:00,45
"P00499","Other",2025-03-28 20:16:00,83
"P00090","Other",2025-03-28 19:15:00,100
"P00341","Other",2025-03-28 20:11:00,100
"P00335","Other",2025-03-28 20:03:00,100
"P00017","Other",2025-03-28 20:03:00,100
"P00083","Other",2025-03-28 19:53:00,1
"P00222","Other",2025-03-28 19:50:00,77
"P00532","Other",2025-03-28 19:41:00,100
"P00149","Other",2025-03-28 19:34:00,100
"P00525","Other",2025-03-28 19:28:00,46
"P00468","Other",2025-03-28 19:27:00,50
"P00051","Other",2025-03-28 19:19:00,82
"P00314","Other",2025-03-28 16:12:00,69
"P00308","Other",2025-03-28 18:48:00,90
"P00429","Other",2025-03-28 15:25:00,69
"P00368","Other",2025-03-28 14:44:00,90
"P00302","Other",2025-03-28 15:29:00,79
"P00364","Other",2025-03-28 14:26:00,100
"P00392","Other",2025-03-28 14:15:00,79
"P00213","Other",2025-03-28 14:02:00,77
"P00037","Other",2025-03-28 16:45:00,41
"P00244","Other",2025-03-28 13:40:00,100
"P00225","Other",2025-03-28 15:24:00,70
"P00024","Other",2025-03-28 15:13:00,91
"P00019","Other",2025-03-28 15:10:00,79
"P00072","Other",2025-03-28 14:58:00,65
"P00083","Other",2025-03-28 15:33:00,1
"P00016","Other",2025-03-28 14:09:00,59
"P00341","Other",2025-03-28 15:09:00,100
"P00076","Other",2025-03-28 14:07:00,52
"P00021","Other",2025-03-28 15:07:00,12
"P00326","Other",2025-03-28 14:54:00,100
"P00499","Other",2025-03-28 14:43:00,87
"P00072","Other",2025-03-28 13:38:00,21
"P00455","Other",2025-03-28 14:37:00,71
"P00287","Other",2025-03-28 14:32:00,100
"P00468","Other",2025-03-28 14:27:00,50
"P00434","Other",2025-03-28 13:22:00,86
"P00120","Other",2025-03-28 14:07:00,61
"P00325","Other",2025-03-28 14:05:00,90
"P00222","Other",2025-03-28 14:04:00,71
"P00303","Other",2025-03-28 14:03:00,100
"P00532","Other",2025-03-28 14:03:00,100
"P00363","Other",2025-03-28 14:00:00,77
"P00157","Other",2025-03-28 13:45:00,35
"P00149","Other",2025-03-28 13:34:00,100
"P00436","Other",2025-03-28 13:25:00,57
"P00335","Other",2025-03-28 13:23:00,100
"P00479","Other",2025-03-28 09:16:00,67
"P00244","Other",2025-03-28 10:08:00,100
"P00149","Other",2025-03-28 13:04:00,100
"P00429","Other",2025-03-28 10:02:00,68
"P00108","Other",2025-03-28 10:43:00,77
"P00434","Other",2025-03-28 10:56:00,77
"P00357","Other",2025-03-28 08:51:00,100
"P00357","Other",2025-03-28 08:49:00,79
"P00432","Other",2025-03-28 10:21:00,78
"P00428","Other",2025-03-28 10:00:00,74
"P00019","Other",2025-03-28 07:13:00,54
"P00435","Other",2025-03-27 22:24:00,96
"P00455","Other",2025-03-28 00:26:00,83
"P00302","Other",2025-03-27 22:05:00,76
"P00037","Other",2025-03-28 00:04:00,11
"P00302","Other",2025-03-27 22:03:00,79
"P00171","Other",2025-03-27 23:01:00,14
"P00433","Other",2025-03-27 22:58:00,78
"P00525","Other",2025-03-27 23:46:00,100
"P00260","Other",2025-03-27 20:38:00,100
"P00392","Other",2025-03-27 19:55:00,63
"P00083","Other",2025-03-27 22:52:00,1
"P00429","Other",2025-03-27 19:51:00,59
"P00499","Other",2025-03-27 22:48:00,80
"P00149","Other",2025-03-27 22:45:00,100
"P00225","Other",2025-03-27 21:43:00,94
"P00213","Other",2025-03-27 19:42:00,72
"P00222","Other",2025-03-27 22:13:00,72
"P00244","Other",2025-03-27 19:05:00,100
"P00364","Other",2025-03-27 19:02:00,100
"P00303","Other",2025-03-27 21:51:00,100
"P00249","Other",2025-03-27 20:34:00,100
"P00024","Other",2025-03-27 20:23:00,100
"P00403","Other",2025-03-27 20:21:00,80
"P00041","Other",2025-03-27 21:02:00,97
"P00335","Other",2025-03-27 20:58:00,100
"P00072","Other",2025-03-27 19:56:00,76
"P00076","Other",2025-03-27 19:47:00,23
"P00120","Other",2025-03-27 20:37:00,40
"P00434","Other",2025-03-27 19:28:00,82
"P00532","Other",2025-03-27 20:15:00,100
"P00341","Other",2025-03-27 20:05:00,100
"P00436","Other",2025-03-27 19:53:00,59
"P00455","Other",2025-03-27 19:46:00,76
"P00428","Other",2025-03-27 19:42:00,100
"P00051","Other",2025-03-27 19:31:00,86
"P00326","Other",2025-03-27 19:28:00,100
"P00325","Other",2025-03-27 19:25:00,91
"P00017","Other",2025-03-27 19:22:00,100
"P00157","Other",2025-03-27 19:13:00,73
"P00525","Other",2025-03-27 19:02:00,100
"P00120","Other",2025-03-27 18:57:00,46
"P00314","Other",2025-03-27 15:57:00,61
"P00308","Other",2025-03-27 18:38:00,56
"P00357","Other",2025-03-27 15:32:00,89
"P00017","Other",2025-03-27 18:18:00,87
"P00225","Other",2025-03-27 17:13:00,1
"P00016","Other",2025-03-27 17:10:00,47
"P00213","Other",2025-03-27 14:53:00,82
"P00392","Other",2025-03-27 14:38:00,49
"P00368","Other",2025-03-27 14:35:00,78
"P00244","Other",2025-03-27 14:21:00,100
"P00429","Other",2025-03-27 14:20:00,75
"P00441","Other",2025-03-27 17:11:00,100
"P00157","Other",2025-03-27 17:01:00,53
"P00024","Other",2025-03-27 15:51:00,88
"P00090","Other",2025-03-27 15:48:00,100
"P00072","Other",2025-03-27 15:22:00,57
"P00303","Other",2025-03-27 16:08:00,100
"P00076","Other",2025-03-27 15:07:00,15
"P00364","Other",2025-03-27 13:03:00,100
"P00280","Other",2025-03-27 15:55:00,54
"P00280","Other",2025-03-27 15:52:00,1
"P00516","Other",2025-03-27 14:48:00,74
"P00037","Other",2025-03-27 15:29:00,51
"P00363","Other",2025-03-27 15:14:00,100
"P00468","Other",2025-03-27 15:05:00,77
"P00479","Other",2025-03-27 10:55:00,73
"P00019","Other",2025-03-27 13:50:00,75
"P00455","Other",2025-03-27 14:33:00,54
"P00335","Other",2025-03-27 14:24:00,100
"P00532","Other",2025-03-27 14:23:00,100
"P00120","Other",2025-03-27 14:13:00,47
"P00083","Other",2025-03-27 14:13:00,1
"P00436","Other",2025-03-27 13:51:00,79
"P00326","Other",2025-03-27 13:45:00,100
"P00149","Other",2025-03-27 13:38:00,100
"P00325","Other",2025-03-27 13:30:00,89
"P00051","Other",2025-03-27 13:08:00,91
"P00445","Other",2025-03-27 13:06:00,75
"P00222","Other",2025-03-27 13:05:00,69
"P00445","Other",2025-03-27 12:43:00,83
"P00244","Other",2025-03-27 09:43:00,100
"P00434","Other",2025-03-27 11:29:00,79
"P00429","Other",2025-03-27 09:23:00,72
"P00428","Other",2025-03-27 11:57:00,72
"P00120","Other",2025-03-27 11:22:00,53
"P00403","Other",2025-03-27 10:10:00,86
"P00357","Other",2025-03-27 07:23:00,98
"P00499","Other",2025-03-27 09:40:00,89
"P00249","Other",2025-03-27 00:28:00,100
"P00171","Other",2025-03-26 23:44:00,100
"P00364","Other",2025-03-26 21:28:00,100
"P00024","Other",2025-03-26 23:25:00,84
"P00410","Other",2025-03-26 22:24:00,100
"P00392","Other",2025-03-26 20:57:00,70
"P00225","Other",2025-03-26 21:58:00,65
"P00016","Other",2025-03-26 21:43:00,45
"P00302","Other",2025-03-26 20:39:00,100
"P00017","Other",2025-03-26 22:38:00,100
"P00260","Other",2025-03-26 19:37:00,100
"P00360","Other",2025-03-26 19:23:00,82
"P00429","Other",2025-03-26 19:20:00,57
"P00108","Other",2025-03-26 19:50:00,71
"P00525","Other",2025-03-26 21:44:00,100
"P00303","Other",2025-03-26 21:29:00,100
"P00019","Other",2025-03-26 20:23:00,75
"P00308","Other",2025-03-26 21:12:00,65
"P00434","Other",2025-03-26 20:00:00,71
"P00325","Other",2025-03-26 20:56:00,87
"P00072","Other",2025-03-26 19:49:00,40
"P00441","Other",2025-03-26 20:44:00,100
"P00532","Other",2025-03-26 20:40:00,100
"P00076","Other",2025-03-26 19:37:00,12
"P00468","Other",2025-03-26 20:33:00,43
"P00326","Other",2025-03-26 20:19:00,84
"P00357","Other",2025-03-26 17:18:00,92
"P00222","Other",2025-03-26 20:14:00,66
"P00041","Other",2025-03-26 20:09:00,97
"P00335","Other",2025-03-26 19:58:00,69
"P00037","Other",2025-03-26 19:56:00,37
"P00244","Other",2025-03-26 16:53:00,100
"P00499","Other",2025-03-26 19:52:00,80
"P00341","Other",2025-03-26 19:40:00,88
"P00432","Other",2025-03-26 19:36:00,83
"P00260","Other",2025-03-26 16:32:00,100
"P00436","Other",2025-03-26 19:30:00,72
"P00149","Other",2025-03-26 19:21:00,100
"P00083","Other",2025-03-26 19:06:00,1
"P00403","Other",2025-03-26 18:03:00,82
"P00225","Other",2025-03-26 17:53:00,48
"P00429","Other",2025-03-26 15:48:00,68
"P00019","Other",2025-03-26 17:44:00,49
"P00037","Other",2025-03-26 18:04:00,37
"P00392","Other",2025-03-26 15:03:00,37
"P00083","Other",2025-03-26 17:32:00,1
"P00213","Other",2025-03-26 14:30:00,71
"P00368","Other",2025-03-26 13:57:00,85
"P00392","Other",2025-03-26 13:32:00,43
"P00434","Other",2025-03-26 15:16:00,76
"P00364","Other",2025-03-26 13:09:00,100
"P00244","Other",2025-03-26 12:53:00,100
"P00302","Other",2025-03-26 13:48:00,100
"P00076","Other",2025-03-26 14:40:00,32
"P00325","Other",2025-03-26 15:05:00,92
"P00303","Other",2025-03-26 15:03:00,100
"P00051","Other",2025-03-26 15:02:00,85
"P00108","Other",2025-03-26 12:58:00,65
"P00280","Other",2025-03-26 14:54:00,1
"P00532","Other",2025-03-26 14:52:00,100
"P00072","Other",2025-03-26 13:50:00,55
"P00468","Other",2025-03-26 14:37:00,62
"P00222","Other",2025-03-26 14:35:00,49
"P00341","Other",2025-03-26 14:33:00,100
"P00041","Other",2025-03-26 14:22:00,91
"P00455","Other",2025-03-26 14:22:00,58
"P00024","Other",2025-03-26 13:20:00,86
"P00017","Other",2025-03-26 14:18:00,100
"P00326","Other",2025-03-26 14:16:00,100
"P00357","Other",2025-03-26 11:15:00,89
"P00525","Other",2025-03-26 14:04:00,100
"P00499","Other",2025-03-26 14:00:00,83
"P00326","Other",2025-03-26 13:48:00,100
"P00244","Other",2025-03-26 10:43:00,100
"P00301","Other",2025-03-26 13:28:00,21
"P00120","Other",2025-03-26 13:24:00,58
"P00479","Other",2025-03-26 09:10:00,66
"P00363","Other",2025-03-26 13:05:00,86
"P00429","Other",2025-03-26 09:58:00,74
"P00149","Other",2025-03-26 12:40:00,100
"P00436","Other",2025-03-26 12:25:00,54
"P00308","Other",2025-03-26 12:19:00,77
"P00249","Other",2025-03-26 10:57:00,100
"P00314","Other",2025-03-26 08:44:00,70
"P00280","Other",2025-03-26 11:26:00,1
"P00434","Other",2025-03-26 09:25:00,86
"P00432","Other",2025-03-26 10:11:00,90
"P00368","Other",2025-03-25 22:13:00,81
"P00213","Other",2025-03-25 20:48:00,81
"P00108","Other",2025-03-25 21:48:00,82
"P00364","Other",2025-03-25 20:40:00,100
"P00108","Other",2025-03-25 21:39:00,59
"P00302","Other",2025-03-25 21:32:00,48
"P00260","Other",2025-03-25 20:23:00,100
"P00016","Other",2025-03-25 21:51:00,49
"P00019","Other",2025-03-25 21:47:00,82
"P00441","Other",2025-03-25 22:43:00,100
"P00364","Other",2025-03-25 19:42:00,100
"P00225","Other",2025-03-25 21:40:00,68
"P00392","Other",2025-03-25 19:36:00,34
"P00434","Other",2025-03-25 21:26:00,84
"P00479","Other",2025-03-25 18:09:00,66
"P00303","Other",2025-03-25 22:07:00,100
"P00431","Other",2025-03-25 19:57:00,54
"P00222","Other",2025-03-25 21:48:00,78
"P00157","Other",2025-03-25 21:42:00,60
"P00525","Other",2025-03-25 21:30:00,100
"P00429","Other",2025-03-25 18:28:00,74
"P00280","Other",2025-03-25 21:17:00,41
"P00525","Other",2025-03-25 21:10:00,100
"P00072","Other",2025-03-25 20:09:00,72
"P00435","Other",2025-03-25 18:06:00,100
"P00436","Other",2025-03-25 20:48:00,41
"P00326","Other",2025-03-25 20:47:00,100
"P00468","Other",2025-03-25 20:47:00,52
"P00335","Other",2025-03-25 20:43:00,100
"P00076","Other",2025-03-25 19:32:00,34
"P00120","Other",2025-03-25 20:23:00,71
"P00051","Other",2025-03-25 20:20:00,87
"P00532","Other",2025-03-25 20:16:00,100
"P00308","Other",2025-03-25 20:11:00,44
"P00083","Other",2025-03-25 20:00:00,1
"P00455","Other",2025-03-25 19:59:00,82
"P00341","Other",2025-03-25 19:48:00,85
"P00392","Other",2025-03-25 16:23:00,79
"P00213","Other",2025-03-25 15:58:00,74
"P00149","Other",2025-03-25 18:30:00,100
"P00429","Other",2025-03-25 15:14:00,71
"P00357","Other",2025-03-25 15:04:00,100
"P00428","Other",2025-03-25 17:57:00,65
"P00051","Other",2025-03-25 17:45:00,84
"P00403","Other",2025-03-25 16:44:00,81
"P00041","Other",2025-03-25 17:35:00,92
"P00250","Other",2025-03-25 17:15:00,35
"P00326","Other",2025-03-25 17:07:00,100
"P00441","Other",2025-03-25 16:39:00,100
"P00433","Other",2025-03-25 15:36:00,76
"P00244","Other",2025-03-25 13:17:00,100
"P00302","Other",2025-03-25 14:02:00,79
"P00364","Other",2025-03-25 13:02:00,100
"P00325","Other",2025-03-25 15:58:00,93
"P00076","Other",2025-03-25 14:53:00,15
"P00017","Other",2025-03-25 15:48:00,100
"P00244","Other",2025-03-25 12:43:00,100
"P00468","Other",2025-03-25 15:39:00,55
"P00019","Other",2025-03-25 14:35:00,66
"P00037","Other",2025-03-25 15:23:00,55
"P00532","Other",2025-03-25 15:22:00,100
"P00225","Other",2025-03-25 14:15:00,72
"P00120","Other",2025-03-25 15:03:00,61
"P00499","Other",2025-03-25 14:57:00,64
"P00368","Other",2025-03-25 11:37:00,93
"P00455","Other",2025-03-25 14:34:00,71
"P00335","Other",2025-03-25 14:33:00,100
"P00016","Other",2025-03-25 13:32:00,38
"P00303","Other",2025-03-25 14:28:00,91
"P00072","Other",2025-03-25 13:15:00,62
"P00341","Other",2025-03-25 14:08:00,100
"P00280","Other",2025-03-25 14:07:00,38
"P00301","Other",2025-03-25 13:59:00,77
"P00436","Other",2025-03-25 13:47:00,68
"P00326","Other",2025-03-25 13:43:00,100
"P00083","Other",2025-03-25 13:27:00,1
"P00222","Other",2025-03-25 13:16:00,53
"P00429","Other",2025-03-25 10:10:00,73
"P00357","Other",2025-03-25 09:15:00,75
"P00244","Other",2025-03-25 09:01:00,100
"P00083","Other",2025-03-25 11:52:00,1
"P00149","Other",2025-03-25 11:47:00,100
"P00249","Other",2025-03-25 10:23:00,100
"P00434","Other",2025-03-25 09:34:00,71
"P00525","Other",2025-03-25 10:12:00,100
"P00143","Other",2025-03-25 09:36:00,75
"P00392","Other",2025-03-24 21:00:00,74
"P00076","Other",2025-03-24 22:54:00,27
"P00525","Other",2025-03-24 23:54:00,100
"P00213","Other",2025-03-24 20:35:00,75
"P00364","Other",2025-03-24 20:04:00,100
"P00017","Other",2025-03-24 23:03:00,89
"P00432","Other",2025-03-24 22:50:00,89
"P00260","Other",2025-03-24 19:42:00,100
"P00019","Other",2025-03-24 21:28:00,71
"P00135","Other",2025-03-24 21:25:00,73
"P00120","Other",2025-03-24 22:14:00,47
"P00429","Other",2025-03-24 19:09:00,66
"P00108","Other",2025-03-24 20:04:00,14
"P00341","Other",2025-03-24 21:51:00,100
"P00157","Other",2025-03-24 21:49:00,51
"P00441","Other",2025-03-24 21:47:00,100
"P00525","Other",2025-03-24 21:46:00,94
"P00072","Other",2025-03-24 20:34:00,63
"P00041","Other",2025-03-24 21:16:00,72
"P00083","Other",2025-03-24 21:09:00,100
"P00219","Other",2025-03-24 20:05:00,100
"P00225","Other",2025-03-24 19:54:00,68
"P00326","Other",2025-03-24 20:38:00,100
"P00479","Other",2025-03-24 16:33:00,67
"P00357","Other",2025-03-24 17:32:00,82
"P00222","Other",2025-03-24 20:26:00,58
"P00434","Other",2025-03-24 19:18:00,83
"P00455","Other",2025-03-24 20:17:00,74
"P00308","Other",2025-03-24 20:14:00,100
"P00171","Other",2025-03-24 19:11:00,82
"P00250","Other",2025-03-24 20:10:00,18
"P00303","Other",2025-03-24 20:10:00,87
"P00037","Other",2025-03-24 19:57:00,27
"P00051","Other",2025-03-24 19:39:00,88
"P00302","Other",2025-03-24 17:37:00,73
"P00468","Other",2025-03-24 19:32:00,64
"P00532","Other",2025-03-24 19:30:00,100
"P00429","Other",2025-03-24 16:17:00,73
"P00325","Other",2025-03-24 19:13:00,91
"P00149","Other",2025-03-24 18:46:00,100
"P00436","Other",2025-03-24 18:37:00,66
"P00213","Other",2025-03-24 15:04:00,75
"P00143","Other",2025-03-24 18:02:00,78
"P00364","Other",2025-03-24 14:34:00,100
"P00392","Other",2025-03-24 14:32:00,74
"P00435","Other",2025-03-24 14:25:00,100
"P00244","Other",2025-03-24 14:12:00,100
"P00260","Other",2025-03-24 13:46:00,100
"P00436","Other",2025-03-24 16:44:00,72
"P00016","Other",2025-03-24 15:41:00,62
"P00280","Other",2025-03-24 16:21:00,1
"P00072","Other",2025-03-24 15:13:00,63
"P00326","Other",2025-03-24 16:12:00,100
"P00024","Other",2025-03-24 14:52:00,95
"P00149","Other",2025-03-24 15:31:00,100
"P00432","Other",2025-03-24 15:12:00,92
"P00357","Other",2025-03-24 12:11:00,98
"P00468","Other",2025-03-24 15:07:00,53
"P00019","Other",2025-03-24 14:07:00,74
"P00445","Other",2025-03-24 14:59:00,76
"P00516","Other",2025-03-24 13:52:00,47
"P00222","Other",2025-03-24 14:41:00,75
"P00499","Other",2025-03-24 14:39:00,90
"P00441","Other",2025-03-24 14:36:00,75
"P00225","Other",2025-03-24 13:36:00,1
"P00041","Other",2025-03-24 14:36:00,94
"P00083","Other",2025-03-24 14:31:00,1
"P00532","Other",2025-03-24 14:29:00,100
"P00455","Other",2025-03-24 14:26:00,71
"P00280","Other",2025-03-24 14:23:00,1
"P00429","Other",2025-03-24 11:22:00,74
"P00325","Other",2025-03-24 14:15:00,90
"P00303","Other",2025-03-24 14:08:00,100
"P00434","Other",2025-03-24 13:04:00,85
"P00120","Other",2025-03-24 13:51:00,46
"P00017","Other",2025-03-24 13:44:00,94
"P00525","Other",2025-03-24 13:43:00,73
"P00341","Other",2025-03-24 13:36:00,95
"P00051","Other",2025-03-24 13:31:00,88
"P00037","Other",2025-03-24 13:14:00,30
"P00149","Other",2025-03-24 13:04:00,88
"P00244","Other",2025-03-24 09:49:00,100
"P00479","Other",2025-03-24 08:40:00,65
"P00249","Other",2025-03-24 11:09:00,100
"P00410","Other",2025-03-24 09:35:00,100
"P00434","Other",2025-03-24 08:58:00,77
"P00436","Other",2025-03-24 09:34:00,73
"P00302","Other",2025-03-23 23:17:00,32
"P00171","Other",2025-03-23 23:19:00,63
"P00171","Other",2025-03-23 23:16:00,44
"P00368","Other",2025-03-23 20:56:00,86
"P00525","Other",2025-03-23 23:50:00,83
"P00429","Other",2025-03-23 20:43:00,74
"P00364","Other",2025-03-23 20:41:00,100
"P00302","Other",2025-03-23 21:29:00,35
"P00260","Other",2025-03-23 19:54:00,100
"P00072","Other",2025-03-23 21:31:00,64
"P00499","Other",2025-03-23 22:22:00,72
"P00431","Other",2025-03-23 20:18:00,61
"P00108","Other",2025-03-23 20:13:00,81
"P00213","Other",2025-03-23 19:08:00,60
"P00434","Other",2025-03-23 20:57:00,77
"P00219","Other",2025-03-23 20:55:00,100
"P00525","Other",2025-03-23 21:47:00,100
"P00455","Other",2025-03-23 21:41:00,65
"P00037","Other",2025-03-23 21:37:00,18
"P00083","Other",2025-03-23 21:22:00,1
"P00302","Other",2025-03-23 19:08:00,26
"P00076","Other",2025-03-23 20:07:00,14
"P00019","Other",2025-03-23 20:04:00,76
"P00108","Other",2025-03-23 19:04:00,93
"P00051","Other",2025-03-23 20:56:00,94
"P00225","Other",2025-03-23 19:56:00,42
"P00326","Other",2025-03-23 20:46:00,100
"P00479","Other",2025-03-23 16:45:00,70
"P00532","Other",2025-03-23 20:42:00,100
"P00341","Other",2025-03-23 20:35:00,66
"P00303","Other",2025-03-23 20:30:00,97
"P00429","Other",2025-03-23 17:23:00,76
"P00120","Other",2025-03-23 20:20:00,46
"P00441","Other",2025-03-23 20:19:00,100
"P00171","Other",2025-03-23 19:10:00,44
"P00436","Other",2025-03-23 20:09:00,44
"P00157","Other",2025-03-23 20:09:00,40
"P00149","Other",2025-03-23 20:08:00,100
"P00468","Other",2025-03-23 20:05:00,42
"P00037","Other",2025-03-23 19:48:00,32
"P00335","Other",2025-03-23 19:39:00,100
"P00325","Other",2025-03-23 19:22:00,88
"P00428","Other",2025-03-23 19:06:00,64
"P00244","Other",2025-03-23 15:34:00,100
"P00368","Other",2025-03-23 15:31:00,86
"P00149","Other",2025-03-23 18:17:00,100
"P00280","Other",2025-03-23 17:55:00,43
"P00280","Other",2025-03-23 17:53:00,37
"P00260","Other",2025-03-23 14:37:00,100
"P00392","Other",2025-03-23 14:36:00,68
"P00364","Other",2025-03-23 14:27:00,96
"P00428","Other",2025-03-23 17:20:00,54
"P00429","Other",2025-03-23 14:18:00,71
"P00357","Other",2025-03-23 14:13:00,100
"P00468","Other",2025-03-23 17:12:00,79
"P00213","Other",2025-03-23 14:11:00,81
"P00249","Other",2025-03-23 15:53:00,100
"P00072","Other",2025-03-23 15:51:00,62
"P00090","Other",2025-03-23 15:26:00,100
"P00403","Other",2025-03-23 15:16:00,74
"P00021","Other",2025-03-23 16:08:00,100
"P00225","Other",2025-03-23 14:59:00,57
"P00434","Other",2025-03-23 14:40:00,88
"P00024","Other",2025-03-23 14:32:00,89
"P00341","Other",2025-03-23 15:28:00,100
"P00135","Other",2025-03-23 14:15:00,58
"P00076","Other",2025-03-23 14:11:00,42
"P00041","Other",2025-03-23 15:08:00,100
"P00019","Other",2025-03-23 14:06:00,75
"P00222","Other",2025-03-23 14:45:00,60
"P00120","Other",2025-03-23 14:34:00,40
"P00051","Other",2025-03-23 14:27:00,92
"P00017","Other",2025-03-23 14:13:00,100
"P00325","Other",2025-03-23 14:13:00,89
"P00301","Other",2025-03-23 14:11:00,76
"P00037","Other",2025-03-23 14:09:00,61
"P00303","Other",2025-03-23 13:56:00,79
"P00479","Other",2025-03-23 09:38:00,77
"P00532","Other",2025-03-23 13:31:00,100
"P00326","Other",2025-03-23 13:15:00,100
"P00326","Other",2025-03-23 13:12:00,100
"P00083","Other",2025-03-23 13:11:00,1
"P00357","Other",2025-03-23 09:16:00,100
"P00024","Other",2025-03-23 10:53:00,90
"P00436","Other",2025-03-23 09:39:00,30
"P00499","Other",2025-03-23 09:19:00,92
"P00392","Other",2025-03-22 22:46:00,68
"P00024","Other",2025-03-22 23:55:00,90
"P00108","Other",2025-03-22 22:55:00,90
"P00431","Other",2025-03-22 22:45:00,64
"P00213","Other",2025-03-22 21:13:00,1
"P00076","Other",2025-03-22 22:28:00,26
"P00368","Other",2025-03-22 20:27:00,81
"P00244","Other",2025-03-22 20:17:00,100
"P00302","Other",2025-03-22 21:10:00,78
"P00016","Other",2025-03-22 21:54:00,49
"P00434","Other",2025-03-22 21:51:00,87
"P00429","Other",2025-03-22 19:44:00,66
"P00019","Other",2025-03-22 21:23:00,74
"P00260","Other",2025-03-22 19:23:00,100
"P00364","Other",2025-03-22 19:22:00,100
"P00303","Other",2025-03-22 22:22:00,81
"P00024","Other",2025-03-22 21:21:00,100
"P00326","Other",2025-03-22 22:15:00,100
"P00383","Other",2025-03-22 20:13:00,90
"P00325","Other",2025-03-22 22:02:00,90
"P00016","Other",2025-03-22 20:54:00,47
"P00301","Other",2025-03-22 21:40:00,51
"P00037","Other",2025-03-22 21:39:00,69
"P00076","Other",2025-03-22 20:23:00,36
"P00072","Other",2025-03-22 20:11:00,75
"P00225","Other",2025-03-22 20:06:00,45
"P00302","Other",2025-03-22 19:05:00,70
"P00525","Other",2025-03-22 21:01:00,78
"P00525","Other",2025-03-22 20:57:00,70
"P00455","Other",2025-03-22 20:53:00,59
"P00041","Other",2025-03-22 20:49:00,100
"P00037","Other",2025-03-22 20:44:00,32
"P00171","Other",2025-03-22 19:43:00,59
"P00499","Other",2025-03-22 20:41:00,83
"P00441","Other",2025-03-22 20:38:00,100
"P00341","Other",2025-03-22 20:36:00,90
"P00108","Other",2025-03-22 18:36:00,88
"P00051","Other",2025-03-22 20:33:00,89
"P00171","Other",2025-03-22 19:32:00,64
"P00017","Other",2025-03-22 20:14:00,70
"P00250","Other",2025-03-22 20:04:00,14
"P00532","Other",2025-03-22 20:01:00,100
"P00149","Other",2025-03-22 19:59:00,100
"P00436","Other",2025-03-22 19:48:00,57
"P00532","Other",2025-03-22 19:47:00,100
"P00120","Other",2025-03-22 19:44:00,42
"P00250","Other",2025-03-22 19:42:00,43
"P00325","Other",2025-03-22 19:37:00,88
"P00303","Other",2025-03-22 19:26:00,70
"P00083","Other",2025-03-22 19:24:00,1
"P00335","Other",2025-03-22 19:19:00,100
"P00222","Other",2025-03-22 19:08:00,47
"P00525","Other",2025-03-22 18:28:00,57
"P00479","Other",2025-03-22 14:24:00,67
"P00357","Other",2025-03-22 15:16:00,100
"P00021","Other",2025-03-22 18:01:00,91
"P00260","Other",2025-03-22 14:43:00,100
"P00222","Other",2025-03-22 17:14:00,65
"P00213","Other",2025-03-22 14:05:00,84
"P00364","Other",2025-03-22 14:00:00,100
"P00532","Other",2025-03-22 16:57:00,100
"P00360","Other",2025-03-22 13:49:00,51
"P00368","Other",2025-03-22 13:49:00,85
"P00392","Other",2025-03-22 13:46:00,82
"P00244","Other",2025-03-22 13:26:00,100
"P00037","Other",2025-03-22 16:19:00,68
"P00076","Other",2025-03-22 14:53:00,21
"P00019","Other",2025-03-22 14:50:00,82
"P00403","Other",2025-03-22 14:49:00,75
"P00335","Other",2025-03-22 15:45:00,100
"P00468","Other",2025-03-22 15:43:00,64
"P00072","Other",2025-03-22 14:38:00,29
"P00301","Other",2025-03-22 15:32:00,73
"P00017","Other",2025-03-22 15:24:00,90
"P00149","Other",2025-03-22 15:10:00,100
"P00434","Other",2025-03-22 14:06:00,100
"P00441","Other",2025-03-22 14:51:00,100
"P00225","Other",2025-03-22 13:45:00,58
"P00303","Other",2025-03-22 14:43:00,100
"P00051","Other",2025-03-22 14:41:00,88
"P00326","Other",2025-03-22 14:38:00,100
"P00157","Other",2025-03-22 14:32:00,50
"P00436","Other",2025-03-22 14:15:00,61
"P00280","Other",2025-03-22 14:14:00,25
"P00120","Other",2025-03-22 14:13:00,50
"P00041","Other",2025-03-22 14:06:00,94
"P00083","Other",2025-03-22 14:04:00,1
"P00341","Other",2025-03-22 13:38:00,74
"P00429","Other",2025-03-22 10:33:00,76
"P00499","Other",2025-03-22 13:19:00,83
"P00120","Other",2025-03-22 13:04:00,42
"P00260","Other",2025-03-22 09:25:00,100
"P00249","Other",2025-03-22 11:08:00,98
"P00357","Other",2025-03-22 08:42:00,100
"P00051","Other",2025-03-22 10:49:00,86
"P00308","Other",2025-03-22 10:23:00,100
"P00432","Other",2025-03-22 09:31:00,89
"P00302","Other",2025-03-21 23:03:00,76
"P00041","Other",2025-03-22 00:08:00,100
"P00368","Other",2025-03-21 21:00:00,87
"P00479","Other",2025-03-21 19:04:00,62
"P00017","Other",2025-03-21 22:48:00,83
"P00429","Other",2025-03-21 19:38:00,76
"P00213","Other",2025-03-21 19:31:00,66
"P00130","Other",2025-03-21 19:29:00,32
"P00019","Other",2025-03-21 21:22:00,77
"P00364","Other",2025-03-21 19:17:00,100
"P00499","Other",2025-03-21 22:03:00,90
"P00149","Other",2025-03-21 22:02:00,100
"P00171","Other",2025-03-21 20:30:00,38
"P00120","Other",2025-03-21 21:28:00,49
"P00072","Other",2025-03-21 20:23:00,37
"P00363","Other",2025-03-21 21:22:00,100
"P00225","Other",2025-03-21 20:17:00,43
"P00219","Other",2025-03-21 20:16:00,100
"P00532","Other",2025-03-21 20:58:00,100
"P00525","Other",2025-03-21 20:53:00,80
"P00532","Other",2025-03-21 20:49:00,100
"P00308","Other",2025-03-21 20:47:00,84
"P00434","Other",2025-03-21 19:33:00,81
"P00436","Other",2025-03-21 20:30:00,82
"P00083","Other",2025-03-21 20:13:00,1
"P00076","Other",2025-03-21 19:10:00,19
"P00301","Other",2025-03-21 20:07:00,67
"P00357","Other",2025-03-21 17:07:00,71
"P00335","Other",2025-03-21 20:07:00,100
"P00455","Other",2025-03-21 20:07:00,71
"P00037","Other",2025-03-21 20:05:00,31
"P00325","Other",2025-03-21 20:04:00,87
"P00429","Other",2025-03-21 16:57:00,71
"P00108","Other",2025-03-21 17:55:00,90
"P00108","Other",2025-03-21 17:52:00,82
"P00308","Other",2025-03-21 19:51:00,45
"P00222","Other",2025-03-21 19:49:00,48
"P00024","Other",2025-03-21 18:48:00,87
"P00051","Other",2025-03-21 19:38:00,90
"P00341","Other",2025-03-21 19:15:00,100
"P00326","Other",2025-03-21 19:14:00,100
"P00468","Other",2025-03-21 19:09:00,54
"P00364","Other",2025-03-21 16:06:00,100
"P00213","Other",2025-03-21 15:34:00,65
"P00157","Other",2025-03-21 18:34:00,25
"P00357","Other",2025-03-21 15:34:00,90
"P00244","Other",2025-03-21 15:06:00,100
"P00312","Other",2025-03-21 14:59:00,92
"P00130","Other",2025-03-21 14:41:00,60
"P00303","Other",2025-03-21 17:39:00,100
"P00303","Other",2025-03-21 17:32:00,100
"P00341","Other",2025-03-21 17:28:00,89
"P00301","Other",2025-03-21 17:27:00,61
"P00171","Other",2025-03-21 16:27:00,30
"P00017","Other",2025-03-21 17:25:00,74
"P00225","Other",2025-03-21 16:17:00,41
"P00244","Other",2025-03-21 14:04:00,100
"P00441","Other",2025-03-21 16:35:00,100
"P00016","Other",2025-03-21 15:34:00,26
"P00392","Other",2025-03-21 13:33:00,81
"P00260","Other",2025-03-21 13:17:00,100
"P00368","Other",2025-03-21 13:11:00,80
"P00360","Other",2025-03-21 13:06:00,64
"P00479","Other",2025-03-21 12:05:00,53
"P00249","Other",2025-03-21 15:04:00,100
"P00302","Other",2025-03-21 13:47:00,100
"P00072","Other",2025-03-21 14:43:00,66
"P00076","Other",2025-03-21 14:32:00,28
"P00120","Other",2025-03-21 15:32:00,59
"P00434","Other",2025-03-21 14:22:00,82
"P00532","Other",2025-03-21 14:55:00,100
"P00455","Other",2025-03-21 14:39:00,45
"P00403","Other",2025-03-21 13:38:00,71
"P00051","Other",2025-03-21 14:30:00,85
"P00019","Other",2025-03-21 13:23:00,77
"P00325","Other",2025-03-21 14:18:00,88
"P00041","Other",2025-03-21 14:17:00,90
"P00303","Other",2025-03-21 14:03:00,100
"P00429","Other",2025-03-21 11:01:00,85
"P00432","Other",2025-03-21 14:01:00,90
"P00499","Other",2025-03-21 13:56:00,60
"P00468","Other",2025-03-21 13:54:00,70
"P00149","Other",2025-03-21 13:39:00,100
"P00326","Other",2025-03-21 13:33:00,100
"P00021","Other",2025-03-21 13:10:00,88
"P00335","Other",2025-03-21 13:04:00,100
"P00222","Other",2025-03-21 11:41:00,61
"P00436","Other",2025-03-21 09:53:00,74
"P00051","Other",2025-03-21 09:38:00,85
"P00120","Other",2025-03-21 09:04:00,62
"P00429","Other",2025-03-20 22:15:00,66
"P00479","Other",2025-03-20 21:11:00,65
"P00024","Other",2025-03-20 22:52:00,100
"P00368","Other",2025-03-20 20:37:00,90
"P00213","Other",2025-03-20 20:25:00,85
"P00364","Other",2025-03-20 20:17:00,100
"P00260","Other",2025-03-20 20:03:00,100
"P00308","Other",2025-03-20 22:53:00,61
"P00326","Other",2025-03-20 22:41:00,100
"P00303","Other",2025-03-20 22:28:00,100
"P00360","Other",2025-03-20 19:27:00,57
"P00434","Other",2025-03-20 21:26:00,100
"P00379","Other",2025-03-21 02:20:00,100
"P00171","Other",2025-03-20 21:16:00,100
"P00431","Other",2025-03-20 20:13:00,59
"P00392","Other",2025-03-20 19:11:00,55
"P00213","Other",2025-03-20 19:04:00,81
"P00525","Other",2025-03-20 21:57:00,67
"P00225","Other",2025-03-20 20:57:00,42
"P00403","Other",2025-03-20 20:56:00,78
"P00219","Other",2025-03-20 20:54:00,100
"P00016","Other",2025-03-20 20:53:00,36
"P00525","Other",2025-03-20 21:52:00,47
"P00072","Other",2025-03-20 20:42:00,62
"P00171","Other",2025-03-20 20:39:00,47
"P00302","Other",2025-03-20 19:34:00,77
"P00308","Other",2025-03-20 21:19:00,57
"P00019","Other",2025-03-20 20:12:00,91
"P00171","Other",2025-03-20 19:52:00,67
"P00436","Other",2025-03-20 20:51:00,78
"P00051","Other",2025-03-20 20:50:00,85
"P00455","Other",2025-03-20 20:42:00,67
"P00083","Other",2025-03-20 20:39:00,1
"P00532","Other",2025-03-20 20:37:00,100
"P00090","Other",2025-03-20 19:34:00,100
"P00341","Other",2025-03-20 20:32:00,100
"P00135","Other",2025-03-20 19:30:00,69
"P00468","Other",2025-03-20 20:27:00,60
"P00041","Other",2025-03-20 20:21:00,100
"P00130","Other",2025-03-20 16:58:00,58
"P00120","Other",2025-03-20 19:53:00,50
"P00303","Other",2025-03-20 19:52:00,97
"P00325","Other",2025-03-20 19:52:00,91
"P00017","Other",2025-03-20 19:46:00,80
"P00222","Other",2025-03-20 19:29:00,79
"P00256","Other",2025-03-20 19:05:00,48
"P00244","Other",2025-03-20 15:37:00,100
"P00431","Other",2025-03-20 16:24:00,60
"P00149","Other",2025-03-20 18:11:00,100
"P00357","Other",2025-03-20 15:07:00,95
"P00368","Other",2025-03-20 14:54:00,73
"P00249","Other",2025-03-20 16:43:00,90
"P00364","Other",2025-03-20 14:39:00,100
"P00312","Other",2025-03-20 14:30:00,91
"P00090","Other",2025-03-20 16:29:00,100
"P00076","Other",2025-03-20 16:20:00,21
"P00516","Other",2025-03-20 16:20:00,78
"P00250","Other",2025-03-20 17:09:00,46
"P00335","Other",2025-03-20 16:57:00,100
"P00244","Other",2025-03-20 13:41:00,100
"P00441","Other",2025-03-20 16:37:00,100
"P00213","Other",2025-03-20 13:21:00,66
"P00392","Other",2025-03-20 13:16:00,59
"P00436","Other",2025-03-20 16:14:00,90
"P00024","Other",2025-03-20 15:06:00,100
"P00019","Other",2025-03-20 14:46:00,63
"P00072","Other",2025-03-20 14:41:00,23
"P00303","Other",2025-03-20 15:32:00,100
"P00280","Other",2025-03-20 15:10:00,39
"P00280","Other",2025-03-20 15:07:00,51
"P00130","Other",2025-03-20 12:07:00,74
"P00434","Other",2025-03-20 14:04:00,82
"P00037","Other",2025-03-20 15:00:00,59
"P00468","Other",2025-03-20 14:46:00,70
"P00326","Other",2025-03-20 14:45:00,100
"P00225","Other",2025-03-20 13:39:00,1
"P00335","Other",2025-03-20 14:38:00,100
"P00287","Other",2025-03-20 14:35:00,100
"P00041","Other",2025-03-20 14:16:00,78
"P00326","Other",2025-03-20 14:00:00,100
"P00301","Other",2025-03-20 13:55:00,80
"P00479","Other",2025-03-20 09:50:00,58
"P00016","Other",2025-03-20 12:44:00,53
"P00363","Other",2025-03-20 13:28:00,100
"P00341","Other",2025-03-20 13:25:00,100
"P00532","Other",2025-03-20 13:22:00,100
"P00436","Other",2025-03-20 13:20:00,68
"P00120","Other",2025-03-20 13:16:00,62
"P00083","Other",2025-03-20 13:05:00,1
"P00357","Other",2025-03-20 09:50:00,76
"P00244","Other",2025-03-20 09:28:00,100
"P00308","Other",2025-03-20 12:14:00,33
"P00429","Other",2025-03-20 08:59:00,72
"P00083","Other",2025-03-20 11:26:00,1
"P00432","Other",2025-03-20 10:20:00,86
"P00428","Other",2025-03-20 10:11:00,53
"P00108","Other",2025-03-20 06:58:00,82
"P00171","Other",2025-03-19 23:56:00,56
"P00185","Other",2025-03-19 23:51:00,62
"P00143","Other",2025-03-19 23:15:00,81
"P00302","Other",2025-03-19 21:05:00,75
"P00302","Other",2025-03-19 21:01:00,83
"P00429","Other",2025-03-19 19:55:00,73
"P00392","Other",2025-03-19 19:48:00,44
"P00260","Other",2025-03-19 19:40:00,100
"P00435","Other",2025-03-19 19:38:00,86
"P00432","Other",2025-03-19 22:36:00,82
"P00368","Other",2025-03-19 19:34:00,85
"P00364","Other",2025-03-19 19:09:00,98
"P00434","Other",2025-03-19 21:08:00,76
"P00222","Other",2025-03-19 22:02:00,97
"P00019","Other",2025-03-19 20:53:00,86
"P00108","Other",2025-03-19 19:41:00,90
"P00108","Other",2025-03-19 19:38:00,87
"P00325","Other",2025-03-19 21:03:00,80
"P00024","Other",2025-03-19 20:02:00,100
"P00072","Other",2025-03-19 20:01:00,24
"P00525","Other",2025-03-19 20:59:00,100
"P00037","Other",2025-03-19 20:54:00,79
"P00051","Other",2025-03-19 20:54:00,86
"P00041","Other",2025-03-19 20:46:00,81
"P00363","Other",2025-03-19 20:42:00,76
"P00468","Other",2025-03-19 20:35:00,57
"P00455","Other",2025-03-19 20:19:00,58
"P00017","Other",2025-03-19 20:09:00,91
"P00532","Other",2025-03-19 20:00:00,100
"P00326","Other",2025-03-19 19:59:00,100
"P00341","Other",2025-03-19 19:59:00,100
"P00428","Other",2025-03-19 19:56:00,58
"P00303","Other",2025-03-19 19:50:00,97
"P00436","Other",2025-03-19 19:41:00,85
"P00436","Other",2025-03-19 19:36:00,64
"P00363","Other",2025-03-19 19:20:00,92
"P00108","Other",2025-03-19 17:11:00,88
"P00392","Other",2025-03-19 15:48:00,72
"P00213","Other",2025-03-19 15:38:00,77
"P00303","Other",2025-03-19 18:14:00,100
"P00244","Other",2025-03-19 15:07:00,100
"P00364","Other",2025-03-19 14:51:00,100
"P00120","Other",2025-03-19 17:20:00,60
"P00357","Other",2025-03-19 14:17:00,91
"P00244","Other",2025-03-19 14:11:00,100
"P00312","Other",2025-03-19 14:07:00,89
"P00051","Other",2025-03-19 16:56:00,84
"P00280","Other",2025-03-19 16:48:00,1
"P00260","Other",2025-03-19 13:23:00,100
"P00225","Other",2025-03-19 15:11:00,40
"P00250","Other",2025-03-19 15:59:00,31
"P00076","Other",2025-03-19 14:42:00,11
"P00383","Other",2025-03-19 13:41:00,68
"P00222","Other",2025-03-19 15:40:00,75
"P00019","Other",2025-03-19 14:39:00,80
"P00468","Other",2025-03-19 15:28:00,76
"P00072","Other",2025-03-19 14:12:00,69
"P00120","Other",2025-03-19 15:05:00,76
"P00024","Other",2025-03-19 14:01:00,100
"P00037","Other",2025-03-19 15:01:00,61
"P00017","Other",2025-03-19 14:58:00,82
"P00392","Other",2025-03-19 11:56:00,80
"P00213","Other",2025-03-19 11:56:00,74
"P00499","Other",2025-03-19 14:53:00,78
"P00455","Other",2025-03-19 14:50:00,77
"P00325","Other",2025-03-19 14:49:00,70
"P00434","Other",2025-03-19 13:48:00,51
"P00341","Other",2025-03-19 14:36:00,91
"P00326","Other",2025-03-19 14:31:00,100
"P00287","Other",2025-03-19 14:30:00,74
"P00410","Other",2025-03-19 12:26:00,100
"P00249","Other",2025-03-19 13:23:00,100
"P00479","Other",2025-03-19 10:10:00,67
"P00280","Other",2025-03-19 14:09:00,1
"P00441","Other",2025-03-19 14:06:00,100
"P00256","Other",2025-03-19 13:53:00,74
"P00429","Other",2025-03-19 10:49:00,66
"P00532","Other",2025-03-19 13:43:00,100
"P00108","Other",2025-03-19 11:25:00,86
"P00051","Other",2025-03-19 13:15:00,72
"P00021","Other",2025-03-19 13:09:00,100
"P00455","Other",2025-03-19 13:02:00,63
"P00326","Other",2025-03-19 12:53:00,100
"P00357","Other",2025-03-19 09:10:00,90
"P00016","Other",2025-03-19 10:57:00,49
"P00244","Other",2025-03-19 07:48:00,100
"P00024","Other",2025-03-19 09:45:00,76
"P00428","Other",2025-03-19 09:31:00,51
"P00424","Other",2025-03-19 08:15:00,56
"P00429","Other",2025-03-18 21:50:00,74
"P00516","Other",2025-03-18 23:44:00,100
"P00368","Other",2025-03-18 21:27:00,95
"P00364","Other",2025-03-18 20:41:00,85
"P00392","Other",2025-03-18 20:38:00,64
"P00357","Other",2025-03-18 20:29:00,100
"P00260","Other",2025-03-18 19:54:00,100
"P00455","Other",2025-03-18 22:33:00,84
"P00041","Other",2025-03-18 22:33:00,96
"P00149","Other",2025-03-18 22:20:00,100
"P00431","Other",2025-03-18 20:19:00,49
"P00525","Other",2025-03-18 22:14:00,100
"P00016","Other",2025-03-18 21:09:00,64
"P00090","Other",2025-03-18 21:06:00,100
"P00302","Other",2025-03-18 20:01:00,74
"P00171","Other",2025-03-18 20:54:00,54
"P00072","Other",2025-03-18 20:51:00,86
"P00308","Other",2025-03-18 21:50:00,42
"P00434","Other",2025-03-18 20:48:00,83
"P00434","Other",2025-03-18 20:39:00,79
"P00037","Other",2025-03-18 21:37:00,38
"P00303","Other",2025-03-18 21:34:00,100
"P00225","Other",2025-03-18 20:20:00,1
"P00185","Other",2025-03-18 21:05:00,77
"P00441","Other",2025-03-18 21:02:00,100
"P00083","Other",2025-03-18 20:55:00,1
"P00213","Other",2025-03-18 17:54:00,71
"P00019","Other",2025-03-18 19:54:00,53
"P00325","Other",2025-03-18 20:49:00,85
"P00222","Other",2025-03-18 20:46:00,84
"P00341","Other",2025-03-18 20:46:00,75
"P00392","Other",2025-03-18 17:44:00,66
"P00280","Other",2025-03-18 20:36:00,1
"P00368","Other",2025-03-18 17:27:00,68
"P00021","Other",2025-03-18 20:25:00,18
"P00424","Other",2025-03-18 20:25:00,52
"P00468","Other",2025-03-18 20:23:00,42
"P00017","Other",2025-03-18 20:18:00,84
"P00171","Other",2025-03-18 19:14:00,52
"P00130","Other",2025-03-18 17:05:00,51
"P00532","Other",2025-03-18 19:52:00,100
"P00326","Other",2025-03-18 19:19:00,100
"P00432","Other",2025-03-18 19:18:00,100
"P00436","Other",2025-03-18 19:15:00,75
"P00120","Other",2025-03-18 19:13:00,74
"P00250","Other",2025-03-18 18:55:00,21
"P00250","Other",2025-03-18 18:51:00,44
"P00335","Other",2025-03-18 18:38:00,100
"P00260","Other",2025-03-18 15:11:00,100
"P00244","Other",2025-03-18 14:50:00,100
"P00364","Other",2025-03-18 14:47:00,73
"P00244","Other",2025-03-18 14:43:00,100
"P00120","Other",2025-03-18 17:36:00,74
"P00171","Other",2025-03-18 16:12:00,49
"P00130","Other",2025-03-18 14:12:00,58
"P00171","Other",2025-03-18 16:07:00,37
"P00302","Other",2025-03-18 15:03:00,100
"P00383","Other",2025-03-18 14:57:00,56
"P00016","Other",2025-03-18 15:42:00,50
"P00357","Other",2025-03-18 13:39:00,92
"P00072","Other",2025-03-18 15:15:00,75
"P00225","Other",2025-03-18 15:14:00,52
"P00429","Other",2025-03-18 12:56:00,67
"P00455","Other",2025-03-18 15:51:00,60
"P00479","Other",2025-03-18 11:47:00,74
"P00024","Other",2025-03-18 14:36:00,100
"P00432","Other",2025-03-18 15:28:00,84
"P00090","Other",2025-03-18 14:25:00,100
"P00041","Other",2025-03-18 15:23:00,87
"P00037","Other",2025-03-18 15:17:00,50
"P00434","Other",2025-03-18 14:08:00,75
"P00436","Other",2025-03-18 15:08:00,61
"P00335","Other",2025-03-18 15:05:00,100
"P00325","Other",2025-03-18 15:03:00,81
"P00326","Other",2025-03-18 15:02:00,100
"P00083","Other",2025-03-18 15:02:00,1
"P00280","Other",2025-03-18 14:51:00,33
"P00499","Other",2025-03-18 14:50:00,73
"P00120","Other",2025-03-18 14:48:00,69
"P00021","Other",2025-03-18 14:47:00,85
"P00303","Other",2025-03-18 14:47:00,100
"P00280","Other",2025-03-18 14:46:00,1
"P00249","Other",2025-03-18 13:46:00,93
"P00532","Other",2025-03-18 14:42:00,100
"P00149","Other",2025-03-18 14:31:00,100
"P00017","Other",2025-03-18 14:26:00,77
"P00468","Other",2025-03-18 14:24:00,71
"P00363","Other",2025-03-18 14:23:00,100
"P00424","Other",2025-03-18 13:58:00,37
"P00287","Other",2025-03-18 13:40:00,100
"P00157","Other",2025-03-18 13:39:00,48
"P00222","Other",2025-03-18 13:21:00,40
"P00326","Other",2025-03-18 13:18:00,100
"P00441","Other",2025-03-18 12:55:00,100
"P00308","Other",2025-03-18 12:34:00,61
"P00051","Other",2025-03-18 12:30:00,90
"P00024","Other",2025-03-18 11:04:00,92
"P00357","Other",2025-03-18 08:09:00,82
"P00108","Other",2025-03-18 08:58:00,85
"P00249","Other",2025-03-18 09:57:00,94
"P00428","Other",2025-03-18 10:16:00,53
"P00287","Other",2025-03-18 08:49:00,1
"P00499","Other",2025-03-18 08:35:00,71
"P00455","Other",2025-03-18 01:24:00,68
"P00525","Other",2025-03-18 00:22:00,76
"P00130","Other",2025-03-17 21:08:00,28
"P00392","Other",2025-03-17 20:21:00,43
"P00357","Other",2025-03-17 20:12:00,77
"P00312","Other",2025-03-17 20:06:00,89
"P00364","Other",2025-03-17 20:05:00,62
"P00108","Other",2025-03-17 20:55:00,89
"P00019","Other",2025-03-17 21:54:00,88
"P00108","Other",2025-03-17 20:52:00,85
"P00429","Other",2025-03-17 19:46:00,80
"P00428","Other",2025-03-17 22:41:00,69
"P00302","Other",2025-03-17 20:30:00,55
"P00364","Other",2025-03-17 19:30:00,69
"P00532","Other",2025-03-17 22:30:00,100
"P00368","Other",2025-03-17 19:27:00,77
"P00171","Other",2025-03-17 21:18:00,47
"P00431","Other",2025-03-17 20:17:00,56
"P00434","Other",2025-03-17 21:14:00,79
"P00171","Other",2025-03-17 21:14:00,42
"P00403","Other",2025-03-17 21:08:00,78
"P00525","Other",2025-03-17 21:39:00,62
"P00225","Other",2025-03-17 20:35:00,35
"P00016","Other",2025-03-17 20:29:00,65
"P00213","Other",2025-03-17 18:24:00,86
"P00432","Other",2025-03-17 21:09:00,99
"P00468","Other",2025-03-17 21:08:00,75
"P00436","Other",2025-03-17 21:05:00,79
"P00041","Other",2025-03-17 21:04:00,92
"P00076","Other",2025-03-17 20:00:00,8
"P00003","Other",2025-03-17 20:56:00,100
"P00072","Other",2025-03-17 19:54:00,38
"P00434","Other",2025-03-17 19:51:00,88
"P00171","Other",2025-03-17 19:47:00,34
"P00479","Other",2025-03-17 16:43:00,58
"P00525","Other",2025-03-17 20:38:00,50
"P00083","Other",2025-03-17 20:29:00,1
"P00222","Other",2025-03-17 20:26:00,53
"P00308","Other",2025-03-17 20:22:00,26
"P00303","Other",2025-03-17 20:22:00,100
"P00363","Other",2025-03-17 20:19:00,100
"P00120","Other",2025-03-17 20:19:00,73
"P00436","Other",2025-03-17 20:19:00,76
"P00249","Other",2025-03-17 19:18:00,89
"P00357","Other",2025-03-17 17:17:00,73
"P00341","Other",2025-03-17 20:10:00,100
"P00234","Other",2025-03-17 20:08:00,100
"P00326","Other",2025-03-17 20:01:00,100
"P00325","Other",2025-03-17 19:53:00,90
"P00037","Other",2025-03-17 19:44:00,63
"P00149","Other",2025-03-17 19:41:00,100
"P00021","Other",2025-03-17 19:24:00,100
"P00017","Other",2025-03-17 19:22:00,66
"P00024","Other",2025-03-17 17:47:00,90
"P00428","Other",2025-03-17 18:34:00,46
"P00364","Other",2025-03-17 14:55:00,100
"P00016","Other",2025-03-17 16:50:00,72
"P00392","Other",2025-03-17 14:35:00,64
"P00185","Other",2025-03-17 17:00:00,39
"P00213","Other",2025-03-17 13:56:00,73
"P00244","Other",2025-03-17 13:41:00,100
"P00130","Other",2025-03-17 13:35:00,35
"P00072","Other",2025-03-17 15:27:00,34
"P00041","Other",2025-03-17 16:13:00,72
"P00363","Other",2025-03-17 16:09:00,77
"P00308","Other",2025-03-17 16:08:00,59
"P00076","Other",2025-03-17 15:07:00,21
"P00383","Other",2025-03-17 14:04:00,72
"P00260","Other",2025-03-17 13:02:00,100
"P00280","Other",2025-03-17 16:01:00,1
"P00019","Other",2025-03-17 14:41:00,82
"P00037","Other",2025-03-17 15:39:00,52
"P00302","Other",2025-03-17 13:32:00,60
"P00532","Other",2025-03-17 15:24:00,100
"P00280","Other",2025-03-17 15:16:00,1
"P00455","Other",2025-03-17 15:16:00,67
"P00225","Other",2025-03-17 14:15:00,48
"P00499","Other",2025-03-17 15:07:00,82
"P00083","Other",2025-03-17 14:57:00,1
"P00157","Other",2025-03-17 14:54:00,23
"P00468","Other",2025-03-17 14:52:00,69
"P00325","Other",2025-03-17 14:52:00,71
"P00436","Other",2025-03-17 14:38:00,75
"P00021","Other",2025-03-17 14:33:00,78
"P00326","Other",2025-03-17 14:13:00,100
"P00303","Other",2025-03-17 14:08:00,100
"P00017","Other",2025-03-17 14:03:00,70
"P00149","Other",2025-03-17 13:53:00,100
"P00234","Other",2025-03-17 13:50:00,100
"P00335","Other",2025-03-17 13:44:00,100
"P00120","Other",2025-03-17 13:42:00,55
"P00429","Other",2025-03-17 10:41:00,70
"P00222","Other",2025-03-17 13:36:00,57
"P00341","Other",2025-03-17 13:35:00,88
"P00308","Other",2025-03-17 13:31:00,31
"P00301","Other",2025-03-17 13:31:00,42
"P00441","Other",2025-03-17 13:29:00,100
"P00357","Other",2025-03-17 08:49:00,92
"P00016","Other",2025-03-17 10:07:00,68
"P00083","Other",2025-03-17 10:26:00,1
"P00108","Other",2025-03-17 07:39:00,73
"P00149","Other",2025-03-17 08:54:00,100
"P00249","Other",2025-03-16 23:38:00,87
"P00429","Other",2025-03-16 20:30:00,77
"P00436","Other",2025-03-16 22:42:00,89
"P00171","Other",2025-03-16 21:33:00,51
"P00302","Other",2025-03-16 20:33:00,52
"P00364","Other",2025-03-16 19:30:00,100
"P00037","Other",2025-03-16 22:23:00,32
"P00368","Other",2025-03-16 19:23:00,26
"P00244","Other",2025-03-16 19:22:00,100
"P00302","Other",2025-03-16 20:00:00,49
"P00041","Other",2025-03-16 22:00:00,81
"P00041","Other",2025-03-16 21:58:00,78
"P00024","Other",2025-03-16 20:49:00,79
"P00468","Other",2025-03-16 21:13:00,62
"P00368","Other",2025-03-16 18:08:00,73
"P00019","Other",2025-03-16 20:06:00,87
"P00016","Other",2025-03-16 20:00:00,69
"P00108","Other",2025-03-16 19:00:00,83
"P00312","Other",2025-03-16 18:00:00,90
"P00021","Other",2025-03-16 20:58:00,51
"P00525","Other",2025-03-16 20:55:00,93
"P00525","Other",2025-03-16 20:52:00,75
"P00120","Other",2025-03-16 20:49:00,57
"P00083","Other",2025-03-16 20:37:00,1
"P00149","Other",2025-03-16 20:31:00,100
"P00532","Other",2025-03-16 20:30:00,100
"P00222","Other",2025-03-16 20:21:00,79
"P00301","Other",2025-03-16 20:20:00,100
"P00072","Other",2025-03-16 19:17:00,58
"P00303","Other",2025-03-16 20:12:00,100
"P00403","Other",2025-03-16 19:10:00,79
"P00455","Other",2025-03-16 20:08:00,72
"P00225","Other",2025-03-16 19:06:00,60
"P00432","Other",2025-03-16 20:01:00,79
"P00325","Other",2025-03-16 19:53:00,82
"P00256","Other",2025-03-16 19:27:00,78
"P00499","Other",2025-03-16 19:24:00,92
"P00326","Other",2025-03-16 19:22:00,100
"P00403","Other",2025-03-16 18:06:00,65
"P00479","Other",2025-03-16 14:50:00,62
"P00222","Other",2025-03-16 18:12:00,85
"P00024","Other",2025-03-16 16:47:00,87
"P00260","Other",2025-03-16 14:42:00,100
"P00213","Other",2025-03-16 14:41:00,77
"P00364","Other",2025-03-16 14:06:00,68
"P00120","Other",2025-03-16 17:05:00,55
"P00171","Other",2025-03-16 15:45:00,52
"P00392","Other",2025-03-16 13:41:00,78
"P00171","Other",2025-03-16 15:40:00,54
"P00076","Other",2025-03-16 15:30:00,22
"P00302","Other",2025-03-16 14:16:00,78
"P00016","Other",2025-03-16 15:14:00,69
"P00326","Other",2025-03-16 16:11:00,100
"P00072","Other",2025-03-16 15:11:00,47
"P00219","Other",2025-03-16 15:07:00,100
"P00280","Other",2025-03-16 15:59:00,33
"P00525","Other",2025-03-16 15:59:00,73
"P00280","Other",2025-03-16 15:57:00,48
"P00019","Other",2025-03-16 14:53:00,100
"P00434","Other",2025-03-16 14:48:00,85
"P00019","Other",2025-03-16 14:44:00,97
"P00017","Other",2025-03-16 15:43:00,98
"P00341","Other",2025-03-16 15:24:00,100
"P00301","Other",2025-03-16 15:24:00,68
"P00090","Other",2025-03-16 14:22:00,100
"P00149","Other",2025-03-16 15:16:00,100
"P00024","Other",2025-03-16 14:12:00,98
"P00436","Other",2025-03-16 15:11:00,57
"P00314","Other",2025-03-16 11:55:00,87
"P00108","Other",2025-03-16 12:54:00,78
"P00225","Other",2025-03-16 13:52:00,1
"P00532","Other",2025-03-16 14:34:00,100
"P00432","Other",2025-03-16 14:32:00,100
"P00021","Other",2025-03-16 14:31:00,93
"P00083","Other",2025-03-16 14:22:00,1
"P00455","Other",2025-03-16 14:17:00,57
"P00157","Other",2025-03-16 14:14:00,52
"P00441","Other",2025-03-16 14:12:00,100
"P00120","Other",2025-03-16 14:09:00,58
"P00234","Other",2025-03-16 14:01:00,81
"P00325","Other",2025-03-16 13:53:00,83
"P00499","Other",2025-03-16 13:52:00,69
"P00149","Other",2025-03-16 13:51:00,100
"P00303","Other",2025-03-16 13:44:00,100
"P00429","Other",2025-03-16 10:36:00,78
"P00335","Other",2025-03-16 13:26:00,100
"P00037","Other",2025-03-16 13:22:00,79
"P00428","Other",2025-03-16 13:14:00,61
"P00468","Other",2025-03-16 13:13:00,67
"P00357","Other",2025-03-16 09:32:00,87
"P00326","Other",2025-03-16 12:30:00,100
"P00313","Other",2025-03-16 12:11:00,100
"P00024","Other",2025-03-16 10:18:00,93
"P00308","Other",2025-03-16 10:15:00,18
"P00120","Other",2025-03-16 09:51:00,53
"P00499","Other",2025-03-16 08:38:00,73
"P00302","Other",2025-03-15 22:55:00,81
"P00429","Other",2025-03-15 21:02:00,80
"P00213","Other",2025-03-15 20:47:00,86
"P00364","Other",2025-03-15 20:29:00,100
"P00312","Other",2025-03-15 20:19:00,90
"P00341","Other",2025-03-15 22:46:00,100
"P00368","Other",2025-03-15 19:43:00,76
"P00516","Other",2025-03-15 21:40:00,49
"P00019","Other",2025-03-15 21:36:00,75
"P00072","Other",2025-03-15 21:30:00,53
"P00468","Other",2025-03-15 22:29:00,64
"P00076","Other",2025-03-15 21:29:00,27
"P00171","Other",2025-03-15 21:26:00,37
"P00108","Other",2025-03-15 20:20:00,86
"P00108","Other",2025-03-15 20:17:00,78
"P00432","Other",2025-03-15 21:58:00,86
"P00434","Other",2025-03-15 20:46:00,77
"P00041","Other",2025-03-15 21:39:00,80
"P00135","Other",2025-03-15 20:19:00,54
"P00303","Other",2025-03-15 21:15:00,100
"P00108","Other",2025-03-15 19:01:00,79
"P00455","Other",2025-03-15 20:58:00,67
"P00076","Other",2025-03-15 19:54:00,1
"P00222","Other",2025-03-15 20:49:00,99
"P00341","Other",2025-03-15 20:43:00,99
"P00024","Other",2025-03-15 19:41:00,80
"P00353","Other",2025-03-15 20:33:00,0
"P00326","Other",2025-03-15 20:32:00,100
"P00301","Other",2025-03-15 20:28:00,100
"P00021","Other",2025-03-15 20:22:00,90
"P00314","Other",2025-03-15 17:22:00,75
"P00016","Other",2025-03-15 19:21:00,87
"P00213","Other",2025-03-15 17:16:00,68
"P00335","Other",2025-03-15 19:59:00,97
"P00363","Other",2025-03-15 19:57:00,77
"P00249","Other",2025-03-15 18:56:00,88
"P00436","Other",2025-03-15 19:54:00,87
"P00363","Other",2025-03-15 19:53:00,84
"P00083","Other",2025-03-15 19:51:00,40
"P00041","Other",2025-03-15 19:48:00,71
"P00051","Other",2025-03-15 19:28:00,83
"P00325","Other",2025-03-15 19:21:00,84
"P00157","Other",2025-03-15 19:20:00,58
"P00357","Other",2025-03-15 16:20:00,92
"P00120","Other",2025-03-15 19:18:00,52
"P00017","Other",2025-03-15 19:16:00,67
"P00532","Other",2025-03-15 19:11:00,100
"P00308","Other",2025-03-15 19:11:00,6
"P00479","Other",2025-03-15 14:59:00,77
"P00120","Other",2025-03-15 18:38:00,40
"P00368","Other",2025-03-15 15:32:00,95
"P00308","Other",2025-03-15 18:27:00,0
"P00479","Other",2025-03-15 14:22:00,79
"P00302","Other",2025-03-15 16:12:00,63
"P00364","Other",2025-03-15 15:05:00,100
"P00360","Other",2025-03-15 14:56:00,49
"P00244","Other",2025-03-15 14:55:00,100
"P00326","Other",2025-03-15 17:21:00,59
"P00308","Other",2025-03-15 16:58:00,28
"P00083","Other",2025-03-15 16:58:00,1
"P00383","Other",2025-03-15 14:56:00,1
"P00312","Other",2025-03-15 13:49:00,93
"P00525","Other",2025-03-15 16:42:00,77
"P00429","Other",2025-03-15 13:33:00,71
"P00051","Other",2025-03-15 16:22:00,79
"P00135","Other",2025-03-15 15:10:00,71
"P00019","Other",2025-03-15 15:05:00,80
"P00024","Other",2025-03-15 15:03:00,88
"P00256","Other",2025-03-15 16:01:00,52
"P00090","Other",2025-03-15 15:00:00,80
"P00434","Other",2025-03-15 14:54:00,84
"P00234","Other",2025-03-15 15:50:00,82
"P00260","Other",2025-03-15 12:46:00,100
"P00403","Other",2025-03-15 14:45:00,100
"P00072","Other",2025-03-15 14:35:00,36
"P00149","Other",2025-03-15 15:32:00,100
"P00303","Other",2025-03-15 15:12:00,100
"P00120","Other",2025-03-15 15:11:00,70
"P00222","Other",2025-03-15 15:07:00,76
"P00016","Other",2025-03-15 14:03:00,53
"P00436","Other",2025-03-15 14:59:00,82
"P00051","Other",2025-03-15 14:58:00,83
"P00468","Other",2025-03-15 14:53:00,64
"P00455","Other",2025-03-15 14:51:00,76
"P00157","Other",2025-03-15 14:35:00,27
"P00363","Other",2025-03-15 14:31:00,100
"P00301","Other",2025-03-15 14:21:00,100
"P00532","Other",2025-03-15 14:06:00,100
"P00445","Other",2025-03-15 14:04:00,74
"P00017","Other",2025-03-15 14:04:00,83
"P00326","Other",2025-03-15 14:02:00,87
"P00499","Other",2025-03-15 13:41:00,56
"P00429","Other",2025-03-15 10:34:00,66
"P00341","Other",2025-03-15 13:27:00,87
"P00357","Other",2025-03-15 10:20:00,88
"P00335","Other",2025-03-15 13:20:00,100
"P00021","Other",2025-03-15 13:15:00,93
"P00149","Other",2025-03-15 12:31:00,100
"P00403","Other",2025-03-15 11:28:00,84
"P00185","Other",2025-03-15 12:18:00,50
"P00429","Other",2025-03-15 08:56:00,73
"P00019","Other",2025-03-15 10:32:00,52
"P00108","Other",2025-03-15 09:10:00,80
"P00410","Other",2025-03-15 08:36:00,100
"P00432","Other",2025-03-15 10:06:00,100
"P00308","Other",2025-03-15 09:37:00,32
"P00259","Other",2025-03-15 06:22:00,90
"P00313","Other",2025-03-15 00:59:00,100
"P00364","Other",2025-03-14 20:34:00,100
"P00364","Other",2025-03-14 20:06:00,91
"P00037","Other",2025-03-14 22:54:00,62
"P00479","Other",2025-03-14 18:53:00,71
"P00341","Other",2025-03-14 22:50:00,100
"P00213","Other",2025-03-14 19:49:00,78
"P00429","Other",2025-03-14 19:43:00,89
"P00302","Other",2025-03-14 20:41:00,72
"P00392","Other",2025-03-14 19:36:00,100
"P00135","Other",2025-03-14 21:32:00,70
"P00108","Other",2025-03-14 20:20:00,89
"P00108","Other",2025-03-14 20:17:00,71
"P00016","Other",2025-03-14 21:12:00,61
"P00312","Other",2025-03-14 19:12:00,93
"P00041","Other",2025-03-14 22:06:00,85
"P00383","Other",2025-03-14 20:03:00,69
"P00041","Other",2025-03-14 22:03:00,73
"P00431","Other",2025-03-14 19:40:00,100
"P00303","Other",2025-03-14 21:27:00,100
"P00019","Other",2025-03-14 20:19:00,72
"P00403","Other",2025-03-14 20:09:00,90
"P00051","Other",2025-03-14 21:05:00,85
"P00326","Other",2025-03-14 20:59:00,100
"P00016","Other",2025-03-14 19:59:00,55
"P00434","Other",2025-03-14 19:58:00,83
"P00157","Other",2025-03-14 20:54:00,52
"P00076","Other",2025-03-14 19:50:00,25
"P00072","Other",2025-03-14 19:47:00,28
"P00455","Other",2025-03-14 20:43:00,79
"P00436","Other",2025-03-14 20:39:00,93
"P00024","Other",2025-03-14 19:25:00,100
"P00326","Other",2025-03-14 20:11:00,100
"P00392","Other",2025-03-14 17:05:00,84
"P00108","Other",2025-03-14 17:51:00,77
"P00325","Other",2025-03-14 19:50:00,85
"P00368","Other",2025-03-14 16:50:00,86
"P00532","Other",2025-03-14 19:25:00,100
"P00024","Other",2025-03-14 18:24:00,91
"P00525","Other",2025-03-14 19:17:00,100
"P00525","Other",2025-03-14 19:13:00,100
"P00301","Other",2025-03-14 19:06:00,34
"P00335","Other",2025-03-14 19:03:00,100
"P00436","Other",2025-03-14 18:38:00,85
"P00135","Other",2025-03-14 17:37:00,66
"P00435","Other",2025-03-14 15:30:00,95
"P00532","Other",2025-03-14 18:30:00,100
"P00244","Other",2025-03-14 15:26:00,99
"P00090","Other",2025-03-14 17:19:00,100
"P00312","Other",2025-03-14 14:43:00,92
"P00157","Other",2025-03-14 17:37:00,49
"P00434","Other",2025-03-14 16:35:00,86
"P00213","Other",2025-03-14 14:34:00,86
"P00364","Other",2025-03-14 14:29:00,100
"P00024","Other",2025-03-14 16:25:00,82
"P00120","Other",2025-03-14 17:15:00,74
"P00479","Other",2025-03-14 13:11:00,48
"P00428","Other",2025-03-14 17:10:00,58
"P00383","Other",2025-03-14 15:04:00,76
"P00357","Other",2025-03-14 14:04:00,86
"P00213","Other",2025-03-14 13:41:00,79
"P00341","Other",2025-03-14 16:27:00,100
"P00280","Other",2025-03-14 16:09:00,58
"P00280","Other",2025-03-14 16:07:00,1
"P00302","Other",2025-03-14 13:55:00,73
"P00250","Other",2025-03-14 15:52:00,20
"P00076","Other",2025-03-14 14:49:00,37
"P00455","Other",2025-03-14 15:38:00,61
"P00516","Other",2025-03-14 14:37:00,40
"P00259","Other",2025-03-14 19:34:00,73
"P00516","Other",2025-03-14 14:30:00,28
"P00225","Other",2025-03-14 14:24:00,63
"P00222","Other",2025-03-14 15:19:00,68
"P00120","Other",2025-03-14 15:18:00,63
"P00468","Other",2025-03-14 15:13:00,54
"P00260","Other",2025-03-14 12:08:00,100
"P00143","Other",2025-03-14 14:57:00,91
"P00287","Other",2025-03-14 14:55:00,97
"P00335","Other",2025-03-14 14:50:00,100
"P00301","Other",2025-03-14 14:50:00,100
"P00314","Other",2025-03-14 11:49:00,85
"P00432","Other",2025-03-14 14:45:00,92
"P00219","Other",2025-03-14 13:44:00,100
"P00363","Other",2025-03-14 14:39:00,97
"P00072","Other",2025-03-14 13:36:00,51
"P00303","Other",2025-03-14 14:34:00,100
"P00363","Other",2025-03-14 14:31:00,75
"P00017","Other",2025-03-14 14:27:00,81
"P00499","Other",2025-03-14 14:24:00,76
"P00434","Other",2025-03-14 13:18:00,82
"P00157","Other",2025-03-14 14:18:00,32
"P00019","Other",2025-03-14 13:18:00,79
"P00424","Other",2025-03-14 14:18:00,48
"P00532","Other",2025-03-14 14:08:00,100
"P00083","Other",2025-03-14 14:07:00,1
"P00429","Other",2025-03-14 11:04:00,77
"P00325","Other",2025-03-14 14:02:00,86
"P00244","Other",2025-03-14 10:53:00,100
"P00149","Other",2025-03-14 13:42:00,100
"P00326","Other",2025-03-14 13:41:00,78
"P00185","Other",2025-03-14 13:17:00,12
"P00051","Other",2025-03-14 13:09:00,80
"P00249","Other",2025-03-14 11:43:00,87
"P00149","Other",2025-03-14 12:25:00,100
"P00130","Other",2025-03-14 09:17:00,46
"P00108","Other",2025-03-14 09:44:00,75
"P00325","Other",2025-03-14 11:33:00,80
"P00357","Other",2025-03-14 08:22:00,81
"P00120","Other",2025-03-14 11:21:00,48
"P00424","Other",2025-03-14 11:15:00,68
"P00302","Other",2025-03-14 08:45:00,71
"P00313","Other",2025-03-14 09:56:00,89
"P00432","Other",2025-03-14 09:25:00,83
"P00301","Other",2025-03-14 08:54:00,86
"P00445","Other",2025-03-14 07:45:00,82
"P00429","Other",2025-03-13 23:25:00,79
"P00431","Other",2025-03-13 23:34:00,84
"P00435","Other",2025-03-13 21:21:00,88
"P00037","Other",2025-03-13 23:51:00,65
"P00368","Other",2025-03-13 20:43:00,93
"P00302","Other",2025-03-13 21:30:00,65
"P00250","Other",2025-03-13 23:30:00,34
"P00392","Other",2025-03-13 20:24:00,95
"P00441","Other",2025-03-13 23:24:00,100
"P00016","Other",2025-03-13 22:11:00,62
"P00260","Other",2025-03-13 20:05:00,100
"P00429","Other",2025-03-13 20:03:00,81
"P00428","Other",2025-03-13 22:59:00,66
"P00244","Other",2025-03-13 19:44:00,100
"P00364","Other",2025-03-13 19:41:00,100
"P00525","Other",2025-03-13 22:30:00,72
"P00213","Other",2025-03-13 19:29:00,83
"P00090","Other",2025-03-13 21:16:00,100
"P00499","Other",2025-03-13 22:03:00,71
"P00225","Other",2025-03-13 21:03:00,71
"P00434","Other",2025-03-13 21:02:00,77
"P00076","Other",2025-03-13 20:31:00,58
"P00303","Other",2025-03-13 21:28:00,83
"P00313","Other",2025-03-13 21:25:00,100
"P00072","Other",2025-03-13 20:24:00,41
"P00468","Other",2025-03-13 21:23:00,48
"P00016","Other",2025-03-13 20:11:00,63
"P00436","Other",2025-03-13 21:04:00,100
"P00314","Other",2025-03-13 18:04:00,1
"P00436","Other",2025-03-13 20:55:00,100
"P00051","Other",2025-03-13 20:55:00,81
"P00135","Other",2025-03-13 19:48:00,60
"P00019","Other",2025-03-13 19:48:00,64
"P00280","Other",2025-03-13 20:46:00,52
"P00219","Other",2025-03-13 19:46:00,63
"P00256","Other",2025-03-13 20:45:00,61
"P00325","Other",2025-03-13 20:43:00,85
"P00341","Other",2025-03-13 20:43:00,100
"P00280","Other",2025-03-13 20:43:00,1
"P00017","Other",2025-03-13 20:39:00,76
"P00222","Other",2025-03-13 20:33:00,66
"P00455","Other",2025-03-13 20:31:00,75
"P00301","Other",2025-03-13 20:27:00,53
"P00024","Other",2025-03-13 19:25:00,88
"P00083","Other",2025-03-13 20:25:00,64
"P00234","Other",2025-03-13 20:24:00,100
"P00083","Other",2025-03-13 20:22:00,74
"P00532","Other",2025-03-13 20:20:00,100
"P00326","Other",2025-03-13 20:16:00,100
"P00363","Other",2025-03-13 20:10:00,76
"P00234","Other",2025-03-13 19:58:00,100
"P00120","Other",2025-03-13 19:50:00,68
"P00326","Other",2025-03-13 19:38:00,100
"P00428","Other",2025-03-13 19:21:00,46
"P00479","Other",2025-03-13 15:10:00,67
"P00424","Other",2025-03-13 18:56:00,33
"P00392","Other",2025-03-13 15:56:00,71
"P00171","Other",2025-03-13 17:47:00,100
"P00302","Other",2025-03-13 16:28:00,72
"P00312","Other",2025-03-13 15:21:00,78
"P00368","Other",2025-03-13 15:16:00,82
"P00435","Other",2025-03-13 15:07:00,69
"P00357","Other",2025-03-13 15:03:00,86
"P00363","Other",2025-03-13 18:03:00,88
"P00525","Other",2025-03-13 16:51:00,97
"P00435","Other",2025-03-13 13:36:00,67
"P00364","Other",2025-03-13 13:22:00,100
"P00213","Other",2025-03-13 13:21:00,77
"P00108","Other",2025-03-13 14:11:00,61
"P00335","Other",2025-03-13 16:07:00,100
"P00499","Other",2025-03-13 16:07:00,79
"P00341","Other",2025-03-13 16:05:00,90
"P00019","Other",2025-03-13 14:35:00,76
"P00410","Other",2025-03-13 13:20:00,100
"P00024","Other",2025-03-13 14:12:00,91
"P00434","Other",2025-03-13 14:11:00,84
"P00479","Other",2025-03-13 11:09:00,71
"P00335","Other",2025-03-13 14:59:00,100
"P00072","Other",2025-03-13 13:57:00,21
"P00532","Other",2025-03-13 14:53:00,100
"P00017","Other",2025-03-13 14:48:00,94
"P00516","Other",2025-03-13 13:36:00,76
"P00468","Other",2025-03-13 14:30:00,53
"P00135","Other",2025-03-13 13:28:00,51
"P00157","Other",2025-03-13 14:28:00,27
"P00120","Other",2025-03-13 14:24:00,1
"P00256","Other",2025-03-13 14:16:00,55
"P00249","Other",2025-03-13 13:12:00,90
"P00287","Other",2025-03-13 14:06:00,100
"P00403","Other",2025-03-13 12:53:00,100
"P00455","Other",2025-03-13 13:52:00,62
"P00302","Other",2025-03-13 11:49:00,54
"P00222","Other",2025-03-13 13:48:00,71
"P00051","Other",2025-03-13 13:46:00,85
"P00325","Other",2025-03-13 13:44:00,78
"P00301","Other",2025-03-13 13:44:00,100
"P00432","Other",2025-03-13 13:39:00,100
"P00436","Other",2025-03-13 13:32:00,100
"P00090","Other",2025-03-13 12:30:00,100
"P00429","Other",2025-03-13 10:09:00,63
"P00260","Other",2025-03-13 10:07:00,100
"P00149","Other",2025-03-13 13:06:00,100
"P00234","Other",2025-03-13 13:06:00,100
"P00244","Other",2025-03-13 10:05:00,100
"P00051","Other",2025-03-13 12:19:00,79
"P00142","Other",2025-03-13 12:15:00,24
"P00130","Other",2025-03-13 09:14:00,43
"P00353","Other",2025-03-13 11:53:00,38
"P00312","Other",2025-03-13 08:44:00,75
"P00357","Other",2025-03-13 08:13:00,79
"P00149","Other",2025-03-13 10:53:00,100
"P00445","Other",2025-03-13 10:44:00,80
"P00222","Other",2025-03-13 10:31:00,75
"P00108","Other",2025-03-13 08:25:00,87
"P00287","Other",2025-03-13 10:21:00,100
"P00432","Other",2025-03-13 09:49:00,66
"P00120","Other",2025-03-13 09:21:00,67
"P00016","Other",2025-03-13 08:19:00,48
"P00424","Other",2025-03-13 09:00:00,44
"P00325","Other",2025-03-13 08:42:00,75
"P00326","Other",2025-03-13 08:38:00,98
"P00171","Other",2025-03-12 23:31:00,48
"P00171","Other",2025-03-12 23:17:00,49
"P00364","Other",2025-03-12 21:04:00,100
"P00435","Other",2025-03-12 20:44:00,94
"P00143","Other",2025-03-12 23:20:00,81
"P00021","Other",2025-03-12 23:16:00,100
"P00429","Other",2025-03-12 20:12:00,81
"P00024","Other",2025-03-12 22:03:00,91
"P00108","Other",2025-03-12 20:51:00,78
"P00431","Other",2025-03-12 20:50:00,81
"P00108","Other",2025-03-12 20:37:00,77
"P00072","Other",2025-03-12 21:31:00,21
"P00434","Other",2025-03-12 21:31:00,82
"P00445","Other",2025-03-12 22:18:00,78
"P00016","Other",2025-03-12 21:15:00,71
"P00368","Other",2025-03-12 19:06:00,95
"P00303","Other",2025-03-12 21:50:00,100
"P00302","Other",2025-03-12 19:46:00,71
"P00428","Other",2025-03-12 21:46:00,67
"P00302","Other",2025-03-12 19:43:00,71
"P00341","Other",2025-03-12 21:42:00,91
"P00019","Other",2025-03-12 20:29:00,71
"P00441","Other",2025-03-12 21:17:00,69
"P00499","Other",2025-03-12 21:16:00,73
"P00157","Other",2025-03-12 21:04:00,55
"P00219","Other",2025-03-12 20:02:00,80
"P00335","Other",2025-03-12 21:00:00,100
"P00280","Other",2025-03-12 20:58:00,47
"P00325","Other",2025-03-12 20:53:00,77
"P00234","Other",2025-03-12 20:50:00,100
"P00436","Other",2025-03-12 20:48:00,79
"P00037","Other",2025-03-12 20:47:00,67
"P00363","Other",2025-03-12 20:38:00,71
"P00432","Other",2025-03-12 20:19:00,100
"P00525","Other",2025-03-12 20:17:00,79
"P00308","Other",2025-03-12 20:15:00,100
"P00436","Other",2025-03-12 20:14:00,72
"P00455","Other",2025-03-12 20:14:00,77
"P00525","Other",2025-03-12 20:13:00,62
"P00051","Other",2025-03-12 19:58:00,84
"P00468","Other",2025-03-12 19:55:00,71
"P00326","Other",2025-03-12 19:55:00,100
"P00341","Other",2025-03-12 19:45:00,92
"P00249","Other",2025-03-12 18:25:00,91
"P00532","Other",2025-03-12 19:15:00,100
"P00037","Other",2025-03-12 19:09:00,81
"P00250","Other",2025-03-12 18:55:00,41
"P00357","Other",2025-03-12 15:28:00,80
"P00392","Other",2025-03-12 15:27:00,100
"P00090","Other",2025-03-12 17:27:00,100
"P00525","Other",2025-03-12 18:17:00,51
"P00024","Other",2025-03-12 17:06:00,92
"P00051","Other",2025-03-12 18:02:00,86
"P00368","Other",2025-03-12 14:50:00,98
"P00364","Other",2025-03-12 14:46:00,100
"P00016","Other",2025-03-12 16:40:00,56
"P00335","Other",2025-03-12 17:23:00,61
"P00455","Other",2025-03-12 17:20:00,62
"P00213","Other",2025-03-12 14:12:00,76
"P00301","Other",2025-03-12 17:05:00,11
"P00428","Other",2025-03-12 16:55:00,53
"P00185","Other",2025-03-12 16:48:00,53
"P00429","Other",2025-03-12 13:36:00,86
"P00244","Other",2025-03-12 13:31:00,100
"P00314","Other",2025-03-12 13:27:00,1
"P00341","Other",2025-03-12 16:11:00,88
"P00341","Other",2025-03-12 16:06:00,72
"P00076","Other",2025-03-12 14:59:00,27
"P00135","Other",2025-03-12 14:39:00,69
"P00434","Other",2025-03-12 14:34:00,83
"P00424","Other",2025-03-12 15:27:00,81
"P00468","Other",2025-03-12 15:12:00,62
"P00249","Other",2025-03-12 13:54:00,90
"P00445","Other",2025-03-12 14:51:00,64
"P00019","Other",2025-03-12 13:48:00,90
"P00532","Other",2025-03-12 14:44:00,100
"P00436","Other",2025-03-12 14:41:00,100
"P00072","Other",2025-03-12 13:39:00,68
"P00455","Other",2025-03-12 14:33:00,64
"P00441","Other",2025-03-12 14:24:00,100
"P00335","Other",2025-03-12 14:22:00,100
"P00280","Other",2025-03-12 14:17:00,31
"P00468","Other",2025-03-12 14:16:00,68
"P00280","Other",2025-03-12 14:15:00,1
"P00157","Other",2025-03-12 14:02:00,51
"P00363","Other",2025-03-12 14:00:00,52
"P00302","Other",2025-03-12 11:55:00,65
"P00325","Other",2025-03-12 13:49:00,74
"P00017","Other",2025-03-12 13:43:00,74
"P00525","Other",2025-03-12 13:42:00,54
"P00499","Other",2025-03-12 13:38:00,79
"P00432","Other",2025-03-12 13:36:00,100
"P00259","Other",2025-03-12 17:21:00,80
"P00090","Other",2025-03-12 12:06:00,100
"P00363","Other",2025-03-12 12:52:00,93
"P00301","Other",2025-03-12 12:28:00,39
"P00108","Other",2025-03-12 10:13:00,68
"P00244","Other",2025-03-12 09:13:00,100
"P00249","Other",2025-03-12 10:59:00,83
"P00016","Other",2025-03-12 10:53:00,68
"P00357","Other",2025-03-12 08:42:00,82
"P00051","Other",2025-03-12 11:03:00,79
"P00445","Other",2025-03-12 11:01:00,64
"P00120","Other",2025-03-12 10:51:00,80
"P00455","Other",2025-03-12 10:50:00,82
"P00326","Other",2025-03-12 10:45:00,100
"P00303","Other",2025-03-12 10:21:00,100
"P00256","Other",2025-03-12 09:45:00,64
"P00434","Other",2025-03-12 08:42:00,100
"P00149","Other",2025-03-12 09:26:00,100
"P00525","Other",2025-03-12 09:25:00,48
"P00149","Other",2025-03-12 09:22:00,100
"P00120","Other",2025-03-12 09:09:00,68
"P00037","Other",2025-03-12 08:36:00,73
"P00120","Other",2025-03-12 07:01:00,72
"P00173","Other",2025-03-11 23:54:00,41
"P00341","Other",2025-03-11 23:55:00,77
"P00429","Other",2025-03-11 20:49:00,79
"P00364","Other",2025-03-11 20:27:00,100
"P00357","Other",2025-03-11 20:11:00,80
"P00234","Other",2025-03-11 22:55:00,100
"P00445","Other",2025-03-11 22:55:00,78
"P00302","Other",2025-03-11 20:47:00,52
"P00303","Other",2025-03-11 22:44:00,100
"P00072","Other",2025-03-11 21:37:00,51
"P00429","Other",2025-03-11 19:26:00,80
"P00076","Other",2025-03-11 20:52:00,45
"P00301","Other",2025-03-11 21:23:00,91
"P00301","Other",2025-03-11 21:19:00,77
"P00431","Other",2025-03-11 19:19:00,100
"P00219","Other",2025-03-11 20:17:00,78
"P00428","Other",2025-03-11 21:15:00,52
"P00326","Other",2025-03-11 21:13:00,90
"P00431","Other",2025-03-11 19:04:00,96
"P00016","Other",2025-03-11 20:03:00,63
"P00019","Other",2025-03-11 19:56:00,70
"P00441","Other",2025-03-11 20:54:00,100
"P00525","Other",2025-03-11 20:41:00,100
"P00157","Other",2025-03-11 20:39:00,75
"P00135","Other",2025-03-11 19:37:00,65
"P00436","Other",2025-03-11 20:37:00,100
"P00021","Other",2025-03-11 20:35:00,100
"P00308","Other",2025-03-11 20:32:00,19
"P00024","Other",2025-03-11 19:27:00,93
"P00017","Other",2025-03-11 20:20:00,70
"P00157","Other",2025-03-11 20:14:00,49
"P00003","Other",2025-03-11 20:11:00,100
"P00325","Other",2025-03-11 20:08:00,73
"P00120","Other",2025-03-11 20:06:00,57
"P00455","Other",2025-03-11 20:00:00,75
"P00499","Other",2025-03-11 19:53:00,67
"P00432","Other",2025-03-11 19:53:00,95
"P00244","Other",2025-03-11 16:53:00,100
"P00090","Other",2025-03-11 18:52:00,100
"P00024","Other",2025-03-11 18:50:00,86
"P00037","Other",2025-03-11 19:49:00,79
"P00051","Other",2025-03-11 19:44:00,81
"P00142","Other",2025-03-11 19:41:00,58
"P00532","Other",2025-03-11 19:30:00,100
"P00368","Other",2025-03-11 16:26:00,83
"P00303","Other",2025-03-11 19:25:00,100
"P00280","Other",2025-03-11 19:19:00,1
"P00363","Other",2025-03-11 19:05:00,75
"P00468","Other",2025-03-11 19:03:00,62
"P00314","Other",2025-03-11 16:02:00,65
"P00037","Other",2025-03-11 18:06:00,63
"P00249","Other",2025-03-11 16:41:00,82
"P00392","Other",2025-03-11 14:40:00,100
"P00244","Other",2025-03-11 14:30:00,100
"P00429","Other",2025-03-11 14:14:00,62
"P00499","Other",2025-03-11 17:13:00,77
"P00410","Other",2025-03-11 15:11:00,100
"P00435","Other",2025-03-11 14:09:00,100
"P00021","Other",2025-03-11 16:36:00,100
"P00434","Other",2025-03-11 15:33:00,89
"P00364","Other",2025-03-11 13:24:00,62
"P00120","Other",2025-03-11 16:10:00,67
"P00016","Other",2025-03-11 15:02:00,79
"P00445","Other",2025-03-11 15:56:00,66
"P00143","Other",2025-03-11 15:52:00,87
"P00428","Other",2025-03-11 15:44:00,71
"P00003","Other",2025-03-11 15:33:00,100
"P00072","Other",2025-03-11 14:32:00,70
"P00302","Other",2025-03-11 13:29:00,61
"P00024","Other",2025-03-11 14:29:00,81
"P00532","Other",2025-03-11 15:26:00,100
"P00441","Other",2025-03-11 15:25:00,100
"P00280","Other",2025-03-11 15:18:00,1
"P00017","Other",2025-03-11 15:18:00,99
"P00468","Other",2025-03-11 15:10:00,60
"P00083","Other",2025-03-11 15:07:00,81
"P00051","Other",2025-03-11 15:02:00,88
"P00024","Other",2025-03-11 13:59:00,85
"P00434","Other",2025-03-11 13:57:00,81
"P00326","Other",2025-03-11 14:54:00,87
"P00244","Other",2025-03-11 11:52:00,100
"P00532","Other",2025-03-11 14:46:00,100
"P00003","Other",2025-03-11 14:46:00,100
"P00142","Other",2025-03-11 14:35:00,49
"P00525","Other",2025-03-11 14:31:00,65
"P00135","Other",2025-03-11 13:30:00,64
"P00335","Other",2025-03-11 14:14:00,100
"P00432","Other",2025-03-11 14:04:00,82
"P00090","Other",2025-03-11 12:47:00,100
"P00341","Other",2025-03-11 13:46:00,72
"P00234","Other",2025-03-11 13:44:00,80
"P00436","Other",2025-03-11 13:28:00,89
"P00149","Other",2025-03-11 13:25:00,100
"P00499","Other",2025-03-11 13:17:00,81
"P00185","Other",2025-03-11 13:12:00,37
"P00302","Other",2025-03-11 11:03:00,53
"P00244","Other",2025-03-11 09:46:00,100
"P00368","Other",2025-03-11 09:34:00,74
"P00120","Other",2025-03-11 12:08:00,53
"P00429","Other",2025-03-11 08:58:00,64
"P00410","Other",2025-03-11 09:53:00,100
"P00357","Other",2025-03-11 08:43:00,73
"P00468","Other",2025-03-11 11:35:00,66
"P00249","Other",2025-03-11 10:31:00,84
"P00455","Other",2025-03-11 11:25:00,66
"P00432","Other",2025-03-11 11:16:00,100
"P00308","Other",2025-03-11 11:00:00,15
"P00436","Other",2025-03-11 10:55:00,75
"P00434","Other",2025-03-11 09:37:00,93
"P00303","Other",2025-03-11 10:32:00,97
"P00019","Other",2025-03-11 09:19:00,60
"P00326","Other",2025-03-11 10:05:00,87
"P00016","Other",2025-03-11 08:55:00,66
"P00424","Other",2025-03-11 09:35:00,76
"P00445","Other",2025-03-11 09:08:00,71
"P00259","Other",2025-03-11 12:53:00,81
"P00363","Other",2025-03-11 06:58:00,79
"P00429","Other",2025-03-10 22:55:00,78
"P00142","Other",2025-03-11 01:53:00,56
"P00326","Other",2025-03-10 23:32:00,100
"P00441","Other",2025-03-10 23:22:00,100
"P00368","Other",2025-03-10 20:13:00,71
"P00435","Other",2025-03-10 20:08:00,100
"P00525","Other",2025-03-10 22:50:00,100
"P00525","Other",2025-03-10 22:45:00,100
"P00314","Other",2025-03-10 19:31:00,59
"P00429","Other",2025-03-10 19:14:00,76
"P00499","Other",2025-03-10 22:10:00,70
"P00108","Other",2025-03-10 20:03:00,80
"P00072","Other",2025-03-10 21:02:00,78
"P00157","Other",2025-03-10 21:55:00,1
"P00108","Other",2025-03-10 19:41:00,69
"P00037","Other",2025-03-10 21:35:00,44
"P00424","Other",2025-03-10 21:22:00,68
"P00302","Other",2025-03-10 19:13:00,57
"P00357","Other",2025-03-10 18:03:00,97
"P00120","Other",2025-03-10 20:58:00,82
"P00019","Other",2025-03-10 19:34:00,93
"P00244","Other",2025-03-10 17:02:00,100
"P00433","Other",2025-03-10 18:29:00,51
"P00024","Other",2025-03-10 17:58:00,39
"P00441","Other",2025-03-10 18:39:00,100
"P00455","Other",2025-03-10 18:29:00,58
"P00468","Other",2025-03-10 18:10:00,69
"P00363","Other",2025-03-10 17:53:00,49
"P00076","Other",2025-03-10 16:40:00,46
"P00436","Other",2025-03-10 17:15:00,1
"P00090","Other",2025-03-10 15:52:00,100
"P00335","Other",2025-03-10 16:50:00,100
"P00037","Other",2025-03-10 16:50:00,35
"P00157","Other",2025-03-10 16:22:00,1
"P00244","Other",2025-03-10 13:18:00,100
"P00308","Other",2025-03-10 15:56:00,15
"P00173","Other",2025-03-10 14:52:00,54
"P00432","Other",2025-03-10 15:51:00,100
"P00335","Other",2025-03-10 15:14:00,100
"P00024","Other",2025-03-10 14:10:00,81
"P00072","Other",2025-03-10 14:07:00,60
"P00244","Other",2025-03-10 12:02:00,100
"P00244","Other",2025-03-10 11:59:00,100
"P00120","Other",2025-03-10 14:49:00,56
"P00157","Other",2025-03-10 14:18:00,57
"P00017","Other",2025-03-10 14:14:00,82
"P00143","Other",2025-03-10 13:59:00,84
"P00280","Other",2025-03-10 13:56:00,76
"P00143","Other",2025-03-10 13:53:00,77
"P00250","Other",2025-03-10 13:43:00,44
"P00303","Other",2025-03-10 13:40:00,100
"P00335","Other",2025-03-10 13:36:00,100
"P00326","Other",2025-03-10 13:22:00,83
"P00135","Other",2025-03-10 12:06:00,68
"P00108","Other",2025-03-10 10:55:00,84
"P00024","Other",2025-03-10 11:46:00,88
"P00173","Other",2025-03-10 11:17:00,46
"P00429","Other",2025-03-10 09:16:00,67
"P00436","Other",2025-03-10 12:14:00,62
"P00173","Other",2025-03-10 11:13:00,47
"P00368","Other",2025-03-10 09:09:00,82
"P00410","Other",2025-03-10 10:05:00,100
"P00301","Other",2025-03-10 11:49:00,13
"P00016","Other",2025-03-10 10:06:00,57
"P00072","Other",2025-03-10 10:04:00,50
"P00303","Other",2025-03-10 11:04:00,100
"P00424","Other",2025-03-10 10:58:00,84
"P00302","Other",2025-03-10 08:51:00,83
"P00428","Other",2025-03-10 10:44:00,94
"P00249","Other",2025-03-10 09:43:00,87
"P00326","Other",2025-03-10 10:42:00,80
"P00017","Other",2025-03-10 10:42:00,81
"P00326","Other",2025-03-10 10:39:00,72
"P00468","Other",2025-03-10 10:34:00,70
"P00364","Other",2025-03-10 07:31:00,100
"P00455","Other",2025-03-10 10:28:00,84
"P00445","Other",2025-03-10 10:27:00,74
"P00357","Other",2025-03-10 07:22:00,61
"P00185","Other",2025-03-10 10:21:00,58
"P00244","Other",2025-03-10 07:20:00,100
"P00383","Other",2025-03-10 08:20:00,67
"P00434","Other",2025-03-10 09:20:00,100
"P00244","Other",2025-03-10 07:16:00,100
"P00436","Other",2025-03-10 10:13:00,100
"P00019","Other",2025-03-10 08:45:00,66
"P00259","Other",2025-03-10 13:00:00,81
"P00003","Other",2025-03-10 07:53:00,54
